"","species","age","scenario","Av","std.dev"
"1","alnuglut",0,"LandisOutputs/Test10/alnuglut-MAX-0.img",44530,NA
"2","alnuglut",0,"LandisOutputs/Test9/alnuglut-MAX-0.img",44530,NA
"3","alnuglut",50,"LandisOutputs/Test10/alnuglut-MAX-50.img",52432,NA
"4","alnuglut",50,"LandisOutputs/Test9/alnuglut-MAX-50.img",54535,NA
"5","alnuglut",100,"LandisOutputs/Test10/alnuglut-MAX-100.img",52870,NA
"6","alnuglut",100,"LandisOutputs/Test9/alnuglut-MAX-100.img",54886,NA
"7","alnuglut",150,"LandisOutputs/Test10/alnuglut-MAX-150.img",53118,NA
"8","alnuglut",150,"LandisOutputs/Test9/alnuglut-MAX-150.img",55048,NA
"9","alnuglut",200,"LandisOutputs/Test10/alnuglut-MAX-200.img",34471,NA
"10","alnuglut",200,"LandisOutputs/Test9/alnuglut-MAX-200.img",36087,NA
"11","alnuglut",250,"LandisOutputs/Test10/alnuglut-MAX-250.img",5724,NA
"12","alnuglut",250,"LandisOutputs/Test9/alnuglut-MAX-250.img",5735,NA
"13","alnuglut",300,"LandisOutputs/Test10/alnuglut-MAX-300.img",8772,NA
"14","alnuglut",300,"LandisOutputs/Test9/alnuglut-MAX-300.img",9533,NA
"15","alnuglut",350,"LandisOutputs/Test10/alnuglut-MAX-350.img",14500,NA
"16","alnuglut",350,"LandisOutputs/Test9/alnuglut-MAX-350.img",16829,NA
"17","alnuglut",400,"LandisOutputs/Test10/alnuglut-MAX-400.img",18280,NA
"18","alnuglut",400,"LandisOutputs/Test9/alnuglut-MAX-400.img",22684,NA
"19","alnuglut",450,"LandisOutputs/Test10/alnuglut-MAX-450.img",18891,NA
"20","alnuglut",450,"LandisOutputs/Test9/alnuglut-MAX-450.img",22695,NA
"21","alnuglut",500,"LandisOutputs/Test10/alnuglut-MAX-500.img",19123,NA
"22","alnuglut",500,"LandisOutputs/Test9/alnuglut-MAX-500.img",21961,NA
"23","alnuglut",550,"LandisOutputs/Test10/alnuglut-MAX-550.img",17796,NA
"24","alnuglut",550,"LandisOutputs/Test9/alnuglut-MAX-550.img",19778,NA
"25","alnuglut",600,"LandisOutputs/Test10/alnuglut-MAX-600.img",19175,NA
"26","alnuglut",600,"LandisOutputs/Test9/alnuglut-MAX-600.img",20459,NA
"27","alnuglut",650,"LandisOutputs/Test10/alnuglut-MAX-650.img",20989,NA
"28","alnuglut",650,"LandisOutputs/Test9/alnuglut-MAX-650.img",24349,NA
"29","alnuglut",700,"LandisOutputs/Test10/alnuglut-MAX-700.img",21747,NA
"30","alnuglut",700,"LandisOutputs/Test9/alnuglut-MAX-700.img",26356,NA
"31","alnuglut",750,"LandisOutputs/Test10/alnuglut-MAX-750.img",22525,NA
"32","alnuglut",750,"LandisOutputs/Test9/alnuglut-MAX-750.img",26811,NA
"33","alnuglut",800,"LandisOutputs/Test10/alnuglut-MAX-800.img",21968,NA
"34","alnuglut",800,"LandisOutputs/Test9/alnuglut-MAX-800.img",25703,NA
"35","alnuglut",850,"LandisOutputs/Test10/alnuglut-MAX-850.img",21677,NA
"36","alnuglut",850,"LandisOutputs/Test9/alnuglut-MAX-850.img",23770,NA
"37","alnuglut",900,"LandisOutputs/Test10/alnuglut-MAX-900.img",22172,NA
"38","alnuglut",900,"LandisOutputs/Test9/alnuglut-MAX-900.img",24329,NA
"39","alnuglut",950,"LandisOutputs/Test10/alnuglut-MAX-950.img",22217,NA
"40","alnuglut",950,"LandisOutputs/Test9/alnuglut-MAX-950.img",25659,NA
"41","alnuglut",1000,"LandisOutputs/Test10/alnuglut-MAX-1000.img",22384,NA
"42","alnuglut",1000,"LandisOutputs/Test9/alnuglut-MAX-1000.img",26545,NA
"43","alnuglut",1050,"LandisOutputs/Test10/alnuglut-MAX-1050.img",22403,NA
"44","alnuglut",1050,"LandisOutputs/Test9/alnuglut-MAX-1050.img",26873,NA
"45","alnuglut",1100,"LandisOutputs/Test10/alnuglut-MAX-1100.img",22038,NA
"46","alnuglut",1100,"LandisOutputs/Test9/alnuglut-MAX-1100.img",25489,NA
"47","alnuglut",1150,"LandisOutputs/Test10/alnuglut-MAX-1150.img",21815,NA
"48","alnuglut",1150,"LandisOutputs/Test9/alnuglut-MAX-1150.img",24298,NA
"49","alnuglut",1200,"LandisOutputs/Test10/alnuglut-MAX-1200.img",21682,NA
"50","alnuglut",1200,"LandisOutputs/Test9/alnuglut-MAX-1200.img",24327,NA
"51","alnuglut",1250,"LandisOutputs/Test10/alnuglut-MAX-1250.img",21586,NA
"52","alnuglut",1250,"LandisOutputs/Test9/alnuglut-MAX-1250.img",24523,NA
"53","alnuglut",1300,"LandisOutputs/Test10/alnuglut-MAX-1300.img",21473,NA
"54","alnuglut",1300,"LandisOutputs/Test9/alnuglut-MAX-1300.img",24858,NA
"55","alnuglut",1350,"LandisOutputs/Test10/alnuglut-MAX-1350.img",21257,NA
"56","alnuglut",1350,"LandisOutputs/Test9/alnuglut-MAX-1350.img",24636,NA
"57","alnuglut",1400,"LandisOutputs/Test10/alnuglut-MAX-1400.img",21097,NA
"58","alnuglut",1400,"LandisOutputs/Test9/alnuglut-MAX-1400.img",23598,NA
"59","alnuglut",1450,"LandisOutputs/Test10/alnuglut-MAX-1450.img",20907,NA
"60","alnuglut",1450,"LandisOutputs/Test9/alnuglut-MAX-1450.img",22828,NA
"61","alnuglut",1500,"LandisOutputs/Test10/alnuglut-MAX-1500.img",20741,NA
"62","alnuglut",1500,"LandisOutputs/Test9/alnuglut-MAX-1500.img",22840,NA
"63","alnuglut",1550,"LandisOutputs/Test10/alnuglut-MAX-1550.img",20577,NA
"64","alnuglut",1550,"LandisOutputs/Test9/alnuglut-MAX-1550.img",22965,NA
"65","alnuglut",1600,"LandisOutputs/Test10/alnuglut-MAX-1600.img",20470,NA
"66","alnuglut",1600,"LandisOutputs/Test9/alnuglut-MAX-1600.img",23008,NA
"67","alnuglut",1650,"LandisOutputs/Test10/alnuglut-MAX-1650.img",20155,NA
"68","alnuglut",1650,"LandisOutputs/Test9/alnuglut-MAX-1650.img",22595,NA
"69","alnuglut",1700,"LandisOutputs/Test10/alnuglut-MAX-1700.img",20089,NA
"70","alnuglut",1700,"LandisOutputs/Test9/alnuglut-MAX-1700.img",21710,NA
"71","alnuglut",1750,"LandisOutputs/Test10/alnuglut-MAX-1750.img",19844,NA
"72","alnuglut",1750,"LandisOutputs/Test9/alnuglut-MAX-1750.img",21302,NA
"73","alnuglut",1800,"LandisOutputs/Test10/alnuglut-MAX-1800.img",19802,NA
"74","alnuglut",1800,"LandisOutputs/Test9/alnuglut-MAX-1800.img",21122,NA
"75","alnuglut",1850,"LandisOutputs/Test10/alnuglut-MAX-1850.img",19676,NA
"76","alnuglut",1850,"LandisOutputs/Test9/alnuglut-MAX-1850.img",21101,NA
"77","alnuglut",1900,"LandisOutputs/Test10/alnuglut-MAX-1900.img",19430,NA
"78","alnuglut",1900,"LandisOutputs/Test9/alnuglut-MAX-1900.img",21017,NA
"79","alnuglut",1950,"LandisOutputs/Test10/alnuglut-MAX-1950.img",19273,NA
"80","alnuglut",1950,"LandisOutputs/Test9/alnuglut-MAX-1950.img",20530,NA
"81","alnuglut",2000,"LandisOutputs/Test10/alnuglut-MAX-2000.img",19034,NA
"82","alnuglut",2000,"LandisOutputs/Test9/alnuglut-MAX-2000.img",19901,NA
"83","alnuglut",2050,"LandisOutputs/Test10/alnuglut-MAX-2050.img",18815,NA
"84","alnuglut",2050,"LandisOutputs/Test9/alnuglut-MAX-2050.img",19567,NA
"85","alnuglut",2100,"LandisOutputs/Test10/alnuglut-MAX-2100.img",18705,NA
"86","alnuglut",2100,"LandisOutputs/Test9/alnuglut-MAX-2100.img",19427,NA
"87","alnuglut",2150,"LandisOutputs/Test10/alnuglut-MAX-2150.img",18444,NA
"88","alnuglut",2150,"LandisOutputs/Test9/alnuglut-MAX-2150.img",19147,NA
"89","alnuglut",2200,"LandisOutputs/Test10/alnuglut-MAX-2200.img",18317,NA
"90","alnuglut",2200,"LandisOutputs/Test9/alnuglut-MAX-2200.img",18956,NA
"91","alnuglut",2250,"LandisOutputs/Test10/alnuglut-MAX-2250.img",18192,NA
"92","alnuglut",2250,"LandisOutputs/Test9/alnuglut-MAX-2250.img",18580,NA
"93","alnuglut",2300,"LandisOutputs/Test10/alnuglut-MAX-2300.img",17943,NA
"94","alnuglut",2300,"LandisOutputs/Test9/alnuglut-MAX-2300.img",18238,NA
"95","alnuglut",2350,"LandisOutputs/Test10/alnuglut-MAX-2350.img",17859,NA
"96","alnuglut",2350,"LandisOutputs/Test9/alnuglut-MAX-2350.img",18005,NA
"97","alnuglut",2400,"LandisOutputs/Test10/alnuglut-MAX-2400.img",17683,NA
"98","alnuglut",2400,"LandisOutputs/Test9/alnuglut-MAX-2400.img",17742,NA
"99","alnuglut",2450,"LandisOutputs/Test10/alnuglut-MAX-2450.img",17549,NA
"100","alnuglut",2450,"LandisOutputs/Test9/alnuglut-MAX-2450.img",17542,NA
"101","alnuglut",2500,"LandisOutputs/Test10/alnuglut-MAX-2500.img",17569,NA
"102","alnuglut",2500,"LandisOutputs/Test9/alnuglut-MAX-2500.img",17288,NA
"103","alnuglut",2550,"LandisOutputs/Test10/alnuglut-MAX-2550.img",17437,NA
"104","alnuglut",2550,"LandisOutputs/Test9/alnuglut-MAX-2550.img",16922,NA
"105","alnuglut",2600,"LandisOutputs/Test10/alnuglut-MAX-2600.img",17292,NA
"106","alnuglut",2600,"LandisOutputs/Test9/alnuglut-MAX-2600.img",16615,NA
"107","alnuglut",2650,"LandisOutputs/Test10/alnuglut-MAX-2650.img",17021,NA
"108","alnuglut",2650,"LandisOutputs/Test9/alnuglut-MAX-2650.img",16450,NA
"109","alnuglut",2700,"LandisOutputs/Test10/alnuglut-MAX-2700.img",16736,NA
"110","alnuglut",2700,"LandisOutputs/Test9/alnuglut-MAX-2700.img",16309,NA
"111","alnuglut",2750,"LandisOutputs/Test10/alnuglut-MAX-2750.img",16709,NA
"112","alnuglut",2750,"LandisOutputs/Test9/alnuglut-MAX-2750.img",15991,NA
"113","alnuglut",2800,"LandisOutputs/Test10/alnuglut-MAX-2800.img",16496,NA
"114","alnuglut",2800,"LandisOutputs/Test9/alnuglut-MAX-2800.img",15703,NA
"115","alnuglut",2850,"LandisOutputs/Test10/alnuglut-MAX-2850.img",16372,NA
"116","alnuglut",2850,"LandisOutputs/Test9/alnuglut-MAX-2850.img",15496,NA
"117","alnuglut",2900,"LandisOutputs/Test10/alnuglut-MAX-2900.img",16239,NA
"118","alnuglut",2900,"LandisOutputs/Test9/alnuglut-MAX-2900.img",15057,NA
"119","alnuglut",2950,"LandisOutputs/Test10/alnuglut-MAX-2950.img",16089,NA
"120","alnuglut",2950,"LandisOutputs/Test9/alnuglut-MAX-2950.img",14774,NA
"121","alnuglut",3000,"LandisOutputs/Test10/alnuglut-MAX-3000.img",16017,NA
"122","alnuglut",3000,"LandisOutputs/Test9/alnuglut-MAX-3000.img",14564,NA
"123","betusppp",0,"LandisOutputs/Test10/betusppp-MAX-0.img",44530,NA
"124","betusppp",0,"LandisOutputs/Test9/betusppp-MAX-0.img",44530,NA
"125","betusppp",50,"LandisOutputs/Test10/betusppp-MAX-50.img",56617,NA
"126","betusppp",50,"LandisOutputs/Test9/betusppp-MAX-50.img",56522,NA
"127","betusppp",100,"LandisOutputs/Test10/betusppp-MAX-100.img",56617,NA
"128","betusppp",100,"LandisOutputs/Test9/betusppp-MAX-100.img",56525,NA
"129","betusppp",150,"LandisOutputs/Test10/betusppp-MAX-150.img",8906,NA
"130","betusppp",150,"LandisOutputs/Test9/betusppp-MAX-150.img",8896,NA
"131","betusppp",200,"LandisOutputs/Test10/betusppp-MAX-200.img",7,NA
"132","betusppp",200,"LandisOutputs/Test9/betusppp-MAX-200.img",8,NA
"133","betusppp",250,"LandisOutputs/Test10/betusppp-MAX-250.img",4,NA
"134","betusppp",250,"LandisOutputs/Test9/betusppp-MAX-250.img",4,NA
"135","betusppp",300,"LandisOutputs/Test10/betusppp-MAX-300.img",3,NA
"136","betusppp",300,"LandisOutputs/Test9/betusppp-MAX-300.img",5,NA
"137","betusppp",350,"LandisOutputs/Test10/betusppp-MAX-350.img",1,NA
"138","betusppp",350,"LandisOutputs/Test9/betusppp-MAX-350.img",14,NA
"139","betusppp",400,"LandisOutputs/Test9/betusppp-MAX-400.img",15,NA
"140","betusppp",450,"LandisOutputs/Test9/betusppp-MAX-450.img",13,NA
"141","betusppp",500,"LandisOutputs/Test9/betusppp-MAX-500.img",9,NA
"142","betusppp",550,"LandisOutputs/Test9/betusppp-MAX-550.img",12,NA
"143","betusppp",600,"LandisOutputs/Test9/betusppp-MAX-600.img",12,NA
"144","betusppp",650,"LandisOutputs/Test9/betusppp-MAX-650.img",12,NA
"145","betusppp",700,"LandisOutputs/Test9/betusppp-MAX-700.img",14,NA
"146","betusppp",750,"LandisOutputs/Test9/betusppp-MAX-750.img",12,NA
"147","betusppp",800,"LandisOutputs/Test9/betusppp-MAX-800.img",20,NA
"148","betusppp",850,"LandisOutputs/Test9/betusppp-MAX-850.img",23,NA
"149","betusppp",900,"LandisOutputs/Test9/betusppp-MAX-900.img",29,NA
"150","betusppp",950,"LandisOutputs/Test9/betusppp-MAX-950.img",27,NA
"151","betusppp",1000,"LandisOutputs/Test9/betusppp-MAX-1000.img",28,NA
"152","betusppp",1050,"LandisOutputs/Test9/betusppp-MAX-1050.img",24,NA
"153","betusppp",1100,"LandisOutputs/Test9/betusppp-MAX-1100.img",27,NA
"154","betusppp",1150,"LandisOutputs/Test9/betusppp-MAX-1150.img",26,NA
"155","betusppp",1200,"LandisOutputs/Test9/betusppp-MAX-1200.img",34,NA
"156","betusppp",1250,"LandisOutputs/Test9/betusppp-MAX-1250.img",37,NA
"157","betusppp",1300,"LandisOutputs/Test9/betusppp-MAX-1300.img",37,NA
"158","betusppp",1350,"LandisOutputs/Test9/betusppp-MAX-1350.img",30,NA
"159","betusppp",1400,"LandisOutputs/Test9/betusppp-MAX-1400.img",26,NA
"160","betusppp",1450,"LandisOutputs/Test9/betusppp-MAX-1450.img",25,NA
"161","betusppp",1500,"LandisOutputs/Test9/betusppp-MAX-1500.img",34,NA
"162","betusppp",1550,"LandisOutputs/Test9/betusppp-MAX-1550.img",34,NA
"163","betusppp",1600,"LandisOutputs/Test9/betusppp-MAX-1600.img",35,NA
"164","betusppp",1650,"LandisOutputs/Test9/betusppp-MAX-1650.img",35,NA
"165","betusppp",1700,"LandisOutputs/Test9/betusppp-MAX-1700.img",44,NA
"166","betusppp",1750,"LandisOutputs/Test9/betusppp-MAX-1750.img",44,NA
"167","betusppp",1800,"LandisOutputs/Test9/betusppp-MAX-1800.img",44,NA
"168","betusppp",1850,"LandisOutputs/Test9/betusppp-MAX-1850.img",45,NA
"169","betusppp",1900,"LandisOutputs/Test9/betusppp-MAX-1900.img",50,NA
"170","betusppp",1950,"LandisOutputs/Test9/betusppp-MAX-1950.img",48,NA
"171","betusppp",2000,"LandisOutputs/Test9/betusppp-MAX-2000.img",46,NA
"172","betusppp",2050,"LandisOutputs/Test9/betusppp-MAX-2050.img",38,NA
"173","betusppp",2100,"LandisOutputs/Test9/betusppp-MAX-2100.img",30,NA
"174","betusppp",2150,"LandisOutputs/Test9/betusppp-MAX-2150.img",26,NA
"175","betusppp",2200,"LandisOutputs/Test9/betusppp-MAX-2200.img",23,NA
"176","betusppp",2250,"LandisOutputs/Test9/betusppp-MAX-2250.img",23,NA
"177","betusppp",2300,"LandisOutputs/Test9/betusppp-MAX-2300.img",20,NA
"178","betusppp",2350,"LandisOutputs/Test9/betusppp-MAX-2350.img",20,NA
"179","betusppp",2400,"LandisOutputs/Test9/betusppp-MAX-2400.img",24,NA
"180","betusppp",2450,"LandisOutputs/Test9/betusppp-MAX-2450.img",28,NA
"181","betusppp",2500,"LandisOutputs/Test9/betusppp-MAX-2500.img",31,NA
"182","betusppp",2550,"LandisOutputs/Test9/betusppp-MAX-2550.img",27,NA
"183","betusppp",2600,"LandisOutputs/Test9/betusppp-MAX-2600.img",26,NA
"184","betusppp",2650,"LandisOutputs/Test9/betusppp-MAX-2650.img",22,NA
"185","betusppp",2700,"LandisOutputs/Test9/betusppp-MAX-2700.img",28,NA
"186","betusppp",2750,"LandisOutputs/Test9/betusppp-MAX-2750.img",26,NA
"187","betusppp",2800,"LandisOutputs/Test9/betusppp-MAX-2800.img",28,NA
"188","betusppp",2850,"LandisOutputs/Test9/betusppp-MAX-2850.img",20,NA
"189","betusppp",2900,"LandisOutputs/Test9/betusppp-MAX-2900.img",25,NA
"190","betusppp",2950,"LandisOutputs/Test9/betusppp-MAX-2950.img",29,NA
"191","betusppp",3000,"LandisOutputs/Test9/betusppp-MAX-3000.img",32,NA
"192","coryavel",0,"LandisOutputs/Test10/coryavel-MAX-0.img",41982,NA
"193","coryavel",0,"LandisOutputs/Test9/coryavel-MAX-0.img",41982,NA
"194","coryavel",50,"LandisOutputs/Test10/coryavel-MAX-50.img",53077,NA
"195","coryavel",50,"LandisOutputs/Test9/coryavel-MAX-50.img",53769,NA
"196","coryavel",100,"LandisOutputs/Test10/coryavel-MAX-100.img",42514,NA
"197","coryavel",100,"LandisOutputs/Test9/coryavel-MAX-100.img",44873,NA
"198","coryavel",150,"LandisOutputs/Test10/coryavel-MAX-150.img",32937,NA
"199","coryavel",150,"LandisOutputs/Test9/coryavel-MAX-150.img",34259,NA
"200","coryavel",200,"LandisOutputs/Test10/coryavel-MAX-200.img",44201,NA
"201","coryavel",200,"LandisOutputs/Test9/coryavel-MAX-200.img",45132,NA
"202","coryavel",250,"LandisOutputs/Test10/coryavel-MAX-250.img",38483,NA
"203","coryavel",250,"LandisOutputs/Test9/coryavel-MAX-250.img",42406,NA
"204","coryavel",300,"LandisOutputs/Test10/coryavel-MAX-300.img",38011,NA
"205","coryavel",300,"LandisOutputs/Test9/coryavel-MAX-300.img",37642,NA
"206","coryavel",350,"LandisOutputs/Test10/coryavel-MAX-350.img",42161,NA
"207","coryavel",350,"LandisOutputs/Test9/coryavel-MAX-350.img",43734,NA
"208","coryavel",400,"LandisOutputs/Test10/coryavel-MAX-400.img",37273,NA
"209","coryavel",400,"LandisOutputs/Test9/coryavel-MAX-400.img",39644,NA
"210","coryavel",450,"LandisOutputs/Test10/coryavel-MAX-450.img",39681,NA
"211","coryavel",450,"LandisOutputs/Test9/coryavel-MAX-450.img",38386,NA
"212","coryavel",500,"LandisOutputs/Test10/coryavel-MAX-500.img",39615,NA
"213","coryavel",500,"LandisOutputs/Test9/coryavel-MAX-500.img",41730,NA
"214","coryavel",550,"LandisOutputs/Test10/coryavel-MAX-550.img",37322,NA
"215","coryavel",550,"LandisOutputs/Test9/coryavel-MAX-550.img",37843,NA
"216","coryavel",600,"LandisOutputs/Test10/coryavel-MAX-600.img",39335,NA
"217","coryavel",600,"LandisOutputs/Test9/coryavel-MAX-600.img",38312,NA
"218","coryavel",650,"LandisOutputs/Test10/coryavel-MAX-650.img",37728,NA
"219","coryavel",650,"LandisOutputs/Test9/coryavel-MAX-650.img",39352,NA
"220","coryavel",700,"LandisOutputs/Test10/coryavel-MAX-700.img",37311,NA
"221","coryavel",700,"LandisOutputs/Test9/coryavel-MAX-700.img",36319,NA
"222","coryavel",750,"LandisOutputs/Test10/coryavel-MAX-750.img",38150,NA
"223","coryavel",750,"LandisOutputs/Test9/coryavel-MAX-750.img",37546,NA
"224","coryavel",800,"LandisOutputs/Test10/coryavel-MAX-800.img",36585,NA
"225","coryavel",800,"LandisOutputs/Test9/coryavel-MAX-800.img",37172,NA
"226","coryavel",850,"LandisOutputs/Test10/coryavel-MAX-850.img",36928,NA
"227","coryavel",850,"LandisOutputs/Test9/coryavel-MAX-850.img",35461,NA
"228","coryavel",900,"LandisOutputs/Test10/coryavel-MAX-900.img",36732,NA
"229","coryavel",900,"LandisOutputs/Test9/coryavel-MAX-900.img",36379,NA
"230","coryavel",950,"LandisOutputs/Test10/coryavel-MAX-950.img",36075,NA
"231","coryavel",950,"LandisOutputs/Test9/coryavel-MAX-950.img",35319,NA
"232","coryavel",1000,"LandisOutputs/Test10/coryavel-MAX-1000.img",36240,NA
"233","coryavel",1000,"LandisOutputs/Test9/coryavel-MAX-1000.img",34408,NA
"234","coryavel",1050,"LandisOutputs/Test10/coryavel-MAX-1050.img",35662,NA
"235","coryavel",1050,"LandisOutputs/Test9/coryavel-MAX-1050.img",35021,NA
"236","coryavel",1100,"LandisOutputs/Test10/coryavel-MAX-1100.img",35312,NA
"237","coryavel",1100,"LandisOutputs/Test9/coryavel-MAX-1100.img",33903,NA
"238","coryavel",1150,"LandisOutputs/Test10/coryavel-MAX-1150.img",35128,NA
"239","coryavel",1150,"LandisOutputs/Test9/coryavel-MAX-1150.img",33445,NA
"240","coryavel",1200,"LandisOutputs/Test10/coryavel-MAX-1200.img",34716,NA
"241","coryavel",1200,"LandisOutputs/Test9/coryavel-MAX-1200.img",33559,NA
"242","coryavel",1250,"LandisOutputs/Test10/coryavel-MAX-1250.img",34534,NA
"243","coryavel",1250,"LandisOutputs/Test9/coryavel-MAX-1250.img",32418,NA
"244","coryavel",1300,"LandisOutputs/Test10/coryavel-MAX-1300.img",34396,NA
"245","coryavel",1300,"LandisOutputs/Test9/coryavel-MAX-1300.img",32417,NA
"246","coryavel",1350,"LandisOutputs/Test10/coryavel-MAX-1350.img",33861,NA
"247","coryavel",1350,"LandisOutputs/Test9/coryavel-MAX-1350.img",32048,NA
"248","coryavel",1400,"LandisOutputs/Test10/coryavel-MAX-1400.img",33649,NA
"249","coryavel",1400,"LandisOutputs/Test9/coryavel-MAX-1400.img",31241,NA
"250","coryavel",1450,"LandisOutputs/Test10/coryavel-MAX-1450.img",33359,NA
"251","coryavel",1450,"LandisOutputs/Test9/coryavel-MAX-1450.img",31166,NA
"252","coryavel",1500,"LandisOutputs/Test10/coryavel-MAX-1500.img",32951,NA
"253","coryavel",1500,"LandisOutputs/Test9/coryavel-MAX-1500.img",30557,NA
"254","coryavel",1550,"LandisOutputs/Test10/coryavel-MAX-1550.img",32829,NA
"255","coryavel",1550,"LandisOutputs/Test9/coryavel-MAX-1550.img",30044,NA
"256","coryavel",1600,"LandisOutputs/Test10/coryavel-MAX-1600.img",32504,NA
"257","coryavel",1600,"LandisOutputs/Test9/coryavel-MAX-1600.img",29882,NA
"258","coryavel",1650,"LandisOutputs/Test10/coryavel-MAX-1650.img",32187,NA
"259","coryavel",1650,"LandisOutputs/Test9/coryavel-MAX-1650.img",29434,NA
"260","coryavel",1700,"LandisOutputs/Test10/coryavel-MAX-1700.img",31886,NA
"261","coryavel",1700,"LandisOutputs/Test9/coryavel-MAX-1700.img",28928,NA
"262","coryavel",1750,"LandisOutputs/Test10/coryavel-MAX-1750.img",31510,NA
"263","coryavel",1750,"LandisOutputs/Test9/coryavel-MAX-1750.img",28778,NA
"264","coryavel",1800,"LandisOutputs/Test10/coryavel-MAX-1800.img",31319,NA
"265","coryavel",1800,"LandisOutputs/Test9/coryavel-MAX-1800.img",28237,NA
"266","coryavel",1850,"LandisOutputs/Test10/coryavel-MAX-1850.img",30981,NA
"267","coryavel",1850,"LandisOutputs/Test9/coryavel-MAX-1850.img",27966,NA
"268","coryavel",1900,"LandisOutputs/Test10/coryavel-MAX-1900.img",30764,NA
"269","coryavel",1900,"LandisOutputs/Test9/coryavel-MAX-1900.img",27468,NA
"270","coryavel",1950,"LandisOutputs/Test10/coryavel-MAX-1950.img",30573,NA
"271","coryavel",1950,"LandisOutputs/Test9/coryavel-MAX-1950.img",27064,NA
"272","coryavel",2000,"LandisOutputs/Test10/coryavel-MAX-2000.img",30208,NA
"273","coryavel",2000,"LandisOutputs/Test9/coryavel-MAX-2000.img",26726,NA
"274","coryavel",2050,"LandisOutputs/Test10/coryavel-MAX-2050.img",29900,NA
"275","coryavel",2050,"LandisOutputs/Test9/coryavel-MAX-2050.img",26408,NA
"276","coryavel",2100,"LandisOutputs/Test10/coryavel-MAX-2100.img",29672,NA
"277","coryavel",2100,"LandisOutputs/Test9/coryavel-MAX-2100.img",25936,NA
"278","coryavel",2150,"LandisOutputs/Test10/coryavel-MAX-2150.img",29382,NA
"279","coryavel",2150,"LandisOutputs/Test9/coryavel-MAX-2150.img",25658,NA
"280","coryavel",2200,"LandisOutputs/Test10/coryavel-MAX-2200.img",29155,NA
"281","coryavel",2200,"LandisOutputs/Test9/coryavel-MAX-2200.img",25206,NA
"282","coryavel",2250,"LandisOutputs/Test10/coryavel-MAX-2250.img",29027,NA
"283","coryavel",2250,"LandisOutputs/Test9/coryavel-MAX-2250.img",24894,NA
"284","coryavel",2300,"LandisOutputs/Test10/coryavel-MAX-2300.img",28655,NA
"285","coryavel",2300,"LandisOutputs/Test9/coryavel-MAX-2300.img",24541,NA
"286","coryavel",2350,"LandisOutputs/Test10/coryavel-MAX-2350.img",28518,NA
"287","coryavel",2350,"LandisOutputs/Test9/coryavel-MAX-2350.img",24128,NA
"288","coryavel",2400,"LandisOutputs/Test10/coryavel-MAX-2400.img",28318,NA
"289","coryavel",2400,"LandisOutputs/Test9/coryavel-MAX-2400.img",23787,NA
"290","coryavel",2450,"LandisOutputs/Test10/coryavel-MAX-2450.img",28117,NA
"291","coryavel",2450,"LandisOutputs/Test9/coryavel-MAX-2450.img",23406,NA
"292","coryavel",2500,"LandisOutputs/Test10/coryavel-MAX-2500.img",27863,NA
"293","coryavel",2500,"LandisOutputs/Test9/coryavel-MAX-2500.img",23229,NA
"294","coryavel",2550,"LandisOutputs/Test10/coryavel-MAX-2550.img",27611,NA
"295","coryavel",2550,"LandisOutputs/Test9/coryavel-MAX-2550.img",22654,NA
"296","coryavel",2600,"LandisOutputs/Test10/coryavel-MAX-2600.img",27379,NA
"297","coryavel",2600,"LandisOutputs/Test9/coryavel-MAX-2600.img",22274,NA
"298","coryavel",2650,"LandisOutputs/Test10/coryavel-MAX-2650.img",27126,NA
"299","coryavel",2650,"LandisOutputs/Test9/coryavel-MAX-2650.img",22003,NA
"300","coryavel",2700,"LandisOutputs/Test10/coryavel-MAX-2700.img",26884,NA
"301","coryavel",2700,"LandisOutputs/Test9/coryavel-MAX-2700.img",21574,NA
"302","coryavel",2750,"LandisOutputs/Test10/coryavel-MAX-2750.img",26577,NA
"303","coryavel",2750,"LandisOutputs/Test9/coryavel-MAX-2750.img",21103,NA
"304","coryavel",2800,"LandisOutputs/Test10/coryavel-MAX-2800.img",26494,NA
"305","coryavel",2800,"LandisOutputs/Test9/coryavel-MAX-2800.img",20762,NA
"306","coryavel",2850,"LandisOutputs/Test10/coryavel-MAX-2850.img",26240,NA
"307","coryavel",2850,"LandisOutputs/Test9/coryavel-MAX-2850.img",20405,NA
"308","coryavel",2900,"LandisOutputs/Test10/coryavel-MAX-2900.img",26002,NA
"309","coryavel",2900,"LandisOutputs/Test9/coryavel-MAX-2900.img",20076,NA
"310","coryavel",2950,"LandisOutputs/Test10/coryavel-MAX-2950.img",25849,NA
"311","coryavel",2950,"LandisOutputs/Test9/coryavel-MAX-2950.img",19619,NA
"312","coryavel",3000,"LandisOutputs/Test10/coryavel-MAX-3000.img",25745,NA
"313","coryavel",3000,"LandisOutputs/Test9/coryavel-MAX-3000.img",19350,NA
"314","cratmono",0,"LandisOutputs/Test10/cratmono-MAX-0.img",44530,NA
"315","cratmono",0,"LandisOutputs/Test9/cratmono-MAX-0.img",44530,NA
"316","cratmono",50,"LandisOutputs/Test10/cratmono-MAX-50.img",56041,NA
"317","cratmono",50,"LandisOutputs/Test9/cratmono-MAX-50.img",55523,NA
"318","cratmono",100,"LandisOutputs/Test10/cratmono-MAX-100.img",56041,NA
"319","cratmono",100,"LandisOutputs/Test9/cratmono-MAX-100.img",55525,NA
"320","cratmono",150,"LandisOutputs/Test10/cratmono-MAX-150.img",2671,NA
"321","cratmono",150,"LandisOutputs/Test9/cratmono-MAX-150.img",2612,NA
"322","cratmono",200,"LandisOutputs/Test10/cratmono-MAX-200.img",4,NA
"323","cratmono",200,"LandisOutputs/Test9/cratmono-MAX-200.img",3,NA
"324","cratmono",250,"LandisOutputs/Test10/cratmono-MAX-250.img",1,NA
"325","cratmono",250,"LandisOutputs/Test9/cratmono-MAX-250.img",1,NA
"326","cratmono",300,"LandisOutputs/Test10/cratmono-MAX-300.img",1,NA
"327","cratmono",300,"LandisOutputs/Test9/cratmono-MAX-300.img",1,NA
"328","cratmono",350,"LandisOutputs/Test9/cratmono-MAX-350.img",2,NA
"329","cratmono",400,"LandisOutputs/Test9/cratmono-MAX-400.img",1,NA
"330","cratmono",450,"LandisOutputs/Test9/cratmono-MAX-450.img",1,NA
"331","fraxexce",0,"LandisOutputs/Test10/fraxexce-MAX-0.img",38685,NA
"332","fraxexce",0,"LandisOutputs/Test9/fraxexce-MAX-0.img",38685,NA
"333","fraxexce",50,"LandisOutputs/Test10/fraxexce-MAX-50.img",47044,NA
"334","fraxexce",50,"LandisOutputs/Test9/fraxexce-MAX-50.img",46943,NA
"335","fraxexce",100,"LandisOutputs/Test10/fraxexce-MAX-100.img",47433,NA
"336","fraxexce",100,"LandisOutputs/Test9/fraxexce-MAX-100.img",47186,NA
"337","fraxexce",150,"LandisOutputs/Test10/fraxexce-MAX-150.img",40527,NA
"338","fraxexce",150,"LandisOutputs/Test9/fraxexce-MAX-150.img",40351,NA
"339","fraxexce",200,"LandisOutputs/Test10/fraxexce-MAX-200.img",2007,NA
"340","fraxexce",200,"LandisOutputs/Test9/fraxexce-MAX-200.img",1485,NA
"341","fraxexce",250,"LandisOutputs/Test10/fraxexce-MAX-250.img",1354,NA
"342","fraxexce",250,"LandisOutputs/Test9/fraxexce-MAX-250.img",635,NA
"343","fraxexce",300,"LandisOutputs/Test10/fraxexce-MAX-300.img",2229,NA
"344","fraxexce",300,"LandisOutputs/Test9/fraxexce-MAX-300.img",864,NA
"345","fraxexce",350,"LandisOutputs/Test10/fraxexce-MAX-350.img",5084,NA
"346","fraxexce",350,"LandisOutputs/Test9/fraxexce-MAX-350.img",1820,NA
"347","fraxexce",400,"LandisOutputs/Test10/fraxexce-MAX-400.img",7068,NA
"348","fraxexce",400,"LandisOutputs/Test9/fraxexce-MAX-400.img",2631,NA
"349","fraxexce",450,"LandisOutputs/Test10/fraxexce-MAX-450.img",7869,NA
"350","fraxexce",450,"LandisOutputs/Test9/fraxexce-MAX-450.img",2674,NA
"351","fraxexce",500,"LandisOutputs/Test10/fraxexce-MAX-500.img",7366,NA
"352","fraxexce",500,"LandisOutputs/Test9/fraxexce-MAX-500.img",2245,NA
"353","fraxexce",550,"LandisOutputs/Test10/fraxexce-MAX-550.img",7420,NA
"354","fraxexce",550,"LandisOutputs/Test9/fraxexce-MAX-550.img",2171,NA
"355","fraxexce",600,"LandisOutputs/Test10/fraxexce-MAX-600.img",8446,NA
"356","fraxexce",600,"LandisOutputs/Test9/fraxexce-MAX-600.img",2324,NA
"357","fraxexce",650,"LandisOutputs/Test10/fraxexce-MAX-650.img",10496,NA
"358","fraxexce",650,"LandisOutputs/Test9/fraxexce-MAX-650.img",3114,NA
"359","fraxexce",700,"LandisOutputs/Test10/fraxexce-MAX-700.img",11780,NA
"360","fraxexce",700,"LandisOutputs/Test9/fraxexce-MAX-700.img",3595,NA
"361","fraxexce",750,"LandisOutputs/Test10/fraxexce-MAX-750.img",12067,NA
"362","fraxexce",750,"LandisOutputs/Test9/fraxexce-MAX-750.img",3550,NA
"363","fraxexce",800,"LandisOutputs/Test10/fraxexce-MAX-800.img",12280,NA
"364","fraxexce",800,"LandisOutputs/Test9/fraxexce-MAX-800.img",3403,NA
"365","fraxexce",850,"LandisOutputs/Test10/fraxexce-MAX-850.img",12556,NA
"366","fraxexce",850,"LandisOutputs/Test9/fraxexce-MAX-850.img",3317,NA
"367","fraxexce",900,"LandisOutputs/Test10/fraxexce-MAX-900.img",13764,NA
"368","fraxexce",900,"LandisOutputs/Test9/fraxexce-MAX-900.img",3687,NA
"369","fraxexce",950,"LandisOutputs/Test10/fraxexce-MAX-950.img",14778,NA
"370","fraxexce",950,"LandisOutputs/Test9/fraxexce-MAX-950.img",4405,NA
"371","fraxexce",1000,"LandisOutputs/Test10/fraxexce-MAX-1000.img",15065,NA
"372","fraxexce",1000,"LandisOutputs/Test9/fraxexce-MAX-1000.img",4854,NA
"373","fraxexce",1050,"LandisOutputs/Test10/fraxexce-MAX-1050.img",15337,NA
"374","fraxexce",1050,"LandisOutputs/Test9/fraxexce-MAX-1050.img",4918,NA
"375","fraxexce",1100,"LandisOutputs/Test10/fraxexce-MAX-1100.img",15417,NA
"376","fraxexce",1100,"LandisOutputs/Test9/fraxexce-MAX-1100.img",4841,NA
"377","fraxexce",1150,"LandisOutputs/Test10/fraxexce-MAX-1150.img",16097,NA
"378","fraxexce",1150,"LandisOutputs/Test9/fraxexce-MAX-1150.img",4972,NA
"379","fraxexce",1200,"LandisOutputs/Test10/fraxexce-MAX-1200.img",16676,NA
"380","fraxexce",1200,"LandisOutputs/Test9/fraxexce-MAX-1200.img",5522,NA
"381","fraxexce",1250,"LandisOutputs/Test10/fraxexce-MAX-1250.img",16962,NA
"382","fraxexce",1250,"LandisOutputs/Test9/fraxexce-MAX-1250.img",6177,NA
"383","fraxexce",1300,"LandisOutputs/Test10/fraxexce-MAX-1300.img",17042,NA
"384","fraxexce",1300,"LandisOutputs/Test9/fraxexce-MAX-1300.img",6497,NA
"385","fraxexce",1350,"LandisOutputs/Test10/fraxexce-MAX-1350.img",17048,NA
"386","fraxexce",1350,"LandisOutputs/Test9/fraxexce-MAX-1350.img",6547,NA
"387","fraxexce",1400,"LandisOutputs/Test10/fraxexce-MAX-1400.img",17196,NA
"388","fraxexce",1400,"LandisOutputs/Test9/fraxexce-MAX-1400.img",6417,NA
"389","fraxexce",1450,"LandisOutputs/Test10/fraxexce-MAX-1450.img",17211,NA
"390","fraxexce",1450,"LandisOutputs/Test9/fraxexce-MAX-1450.img",6502,NA
"391","fraxexce",1500,"LandisOutputs/Test10/fraxexce-MAX-1500.img",17504,NA
"392","fraxexce",1500,"LandisOutputs/Test9/fraxexce-MAX-1500.img",6990,NA
"393","fraxexce",1550,"LandisOutputs/Test10/fraxexce-MAX-1550.img",17471,NA
"394","fraxexce",1550,"LandisOutputs/Test9/fraxexce-MAX-1550.img",7399,NA
"395","fraxexce",1600,"LandisOutputs/Test10/fraxexce-MAX-1600.img",17409,NA
"396","fraxexce",1600,"LandisOutputs/Test9/fraxexce-MAX-1600.img",7572,NA
"397","fraxexce",1650,"LandisOutputs/Test10/fraxexce-MAX-1650.img",17299,NA
"398","fraxexce",1650,"LandisOutputs/Test9/fraxexce-MAX-1650.img",7630,NA
"399","fraxexce",1700,"LandisOutputs/Test10/fraxexce-MAX-1700.img",17144,NA
"400","fraxexce",1700,"LandisOutputs/Test9/fraxexce-MAX-1700.img",7559,NA
"401","fraxexce",1750,"LandisOutputs/Test10/fraxexce-MAX-1750.img",17231,NA
"402","fraxexce",1750,"LandisOutputs/Test9/fraxexce-MAX-1750.img",7756,NA
"403","fraxexce",1800,"LandisOutputs/Test10/fraxexce-MAX-1800.img",17294,NA
"404","fraxexce",1800,"LandisOutputs/Test9/fraxexce-MAX-1800.img",8071,NA
"405","fraxexce",1850,"LandisOutputs/Test10/fraxexce-MAX-1850.img",17305,NA
"406","fraxexce",1850,"LandisOutputs/Test9/fraxexce-MAX-1850.img",8445,NA
"407","fraxexce",1900,"LandisOutputs/Test10/fraxexce-MAX-1900.img",17099,NA
"408","fraxexce",1900,"LandisOutputs/Test9/fraxexce-MAX-1900.img",8515,NA
"409","fraxexce",1950,"LandisOutputs/Test10/fraxexce-MAX-1950.img",16852,NA
"410","fraxexce",1950,"LandisOutputs/Test9/fraxexce-MAX-1950.img",8403,NA
"411","fraxexce",2000,"LandisOutputs/Test10/fraxexce-MAX-2000.img",16779,NA
"412","fraxexce",2000,"LandisOutputs/Test9/fraxexce-MAX-2000.img",8359,NA
"413","fraxexce",2050,"LandisOutputs/Test10/fraxexce-MAX-2050.img",16676,NA
"414","fraxexce",2050,"LandisOutputs/Test9/fraxexce-MAX-2050.img",8390,NA
"415","fraxexce",2100,"LandisOutputs/Test10/fraxexce-MAX-2100.img",16548,NA
"416","fraxexce",2100,"LandisOutputs/Test9/fraxexce-MAX-2100.img",8451,NA
"417","fraxexce",2150,"LandisOutputs/Test10/fraxexce-MAX-2150.img",16293,NA
"418","fraxexce",2150,"LandisOutputs/Test9/fraxexce-MAX-2150.img",8536,NA
"419","fraxexce",2200,"LandisOutputs/Test10/fraxexce-MAX-2200.img",16365,NA
"420","fraxexce",2200,"LandisOutputs/Test9/fraxexce-MAX-2200.img",8540,NA
"421","fraxexce",2250,"LandisOutputs/Test10/fraxexce-MAX-2250.img",16273,NA
"422","fraxexce",2250,"LandisOutputs/Test9/fraxexce-MAX-2250.img",8320,NA
"423","fraxexce",2300,"LandisOutputs/Test10/fraxexce-MAX-2300.img",16051,NA
"424","fraxexce",2300,"LandisOutputs/Test9/fraxexce-MAX-2300.img",8386,NA
"425","fraxexce",2350,"LandisOutputs/Test10/fraxexce-MAX-2350.img",15980,NA
"426","fraxexce",2350,"LandisOutputs/Test9/fraxexce-MAX-2350.img",8504,NA
"427","fraxexce",2400,"LandisOutputs/Test10/fraxexce-MAX-2400.img",15692,NA
"428","fraxexce",2400,"LandisOutputs/Test9/fraxexce-MAX-2400.img",8603,NA
"429","fraxexce",2450,"LandisOutputs/Test10/fraxexce-MAX-2450.img",15661,NA
"430","fraxexce",2450,"LandisOutputs/Test9/fraxexce-MAX-2450.img",8669,NA
"431","fraxexce",2500,"LandisOutputs/Test10/fraxexce-MAX-2500.img",15550,NA
"432","fraxexce",2500,"LandisOutputs/Test9/fraxexce-MAX-2500.img",8456,NA
"433","fraxexce",2550,"LandisOutputs/Test10/fraxexce-MAX-2550.img",15508,NA
"434","fraxexce",2550,"LandisOutputs/Test9/fraxexce-MAX-2550.img",8374,NA
"435","fraxexce",2600,"LandisOutputs/Test10/fraxexce-MAX-2600.img",15316,NA
"436","fraxexce",2600,"LandisOutputs/Test9/fraxexce-MAX-2600.img",8351,NA
"437","fraxexce",2650,"LandisOutputs/Test10/fraxexce-MAX-2650.img",15012,NA
"438","fraxexce",2650,"LandisOutputs/Test9/fraxexce-MAX-2650.img",8251,NA
"439","fraxexce",2700,"LandisOutputs/Test10/fraxexce-MAX-2700.img",14927,NA
"440","fraxexce",2700,"LandisOutputs/Test9/fraxexce-MAX-2700.img",8242,NA
"441","fraxexce",2750,"LandisOutputs/Test10/fraxexce-MAX-2750.img",14933,NA
"442","fraxexce",2750,"LandisOutputs/Test9/fraxexce-MAX-2750.img",8117,NA
"443","fraxexce",2800,"LandisOutputs/Test10/fraxexce-MAX-2800.img",14913,NA
"444","fraxexce",2800,"LandisOutputs/Test9/fraxexce-MAX-2800.img",7989,NA
"445","fraxexce",2850,"LandisOutputs/Test10/fraxexce-MAX-2850.img",14560,NA
"446","fraxexce",2850,"LandisOutputs/Test9/fraxexce-MAX-2850.img",7801,NA
"447","fraxexce",2900,"LandisOutputs/Test10/fraxexce-MAX-2900.img",14493,NA
"448","fraxexce",2900,"LandisOutputs/Test9/fraxexce-MAX-2900.img",7667,NA
"449","fraxexce",2950,"LandisOutputs/Test10/fraxexce-MAX-2950.img",14269,NA
"450","fraxexce",2950,"LandisOutputs/Test9/fraxexce-MAX-2950.img",7567,NA
"451","fraxexce",3000,"LandisOutputs/Test10/fraxexce-MAX-3000.img",14290,NA
"452","fraxexce",3000,"LandisOutputs/Test9/fraxexce-MAX-3000.img",7483,NA
"453","lonicaer",0,"LandisOutputs/Test10/lonicaer-MAX-0.img",38685,NA
"454","lonicaer",0,"LandisOutputs/Test9/lonicaer-MAX-0.img",38685,NA
"455","lonicaer",50,"LandisOutputs/Test10/lonicaer-MAX-50.img",4,NA
"456","piceabie",0,"LandisOutputs/Test10/piceabie-MAX-0.img",44530,NA
"457","piceabie",0,"LandisOutputs/Test9/piceabie-MAX-0.img",44530,NA
"458","piceabie",50,"LandisOutputs/Test10/piceabie-MAX-50.img",44530,NA
"459","piceabie",50,"LandisOutputs/Test9/piceabie-MAX-50.img",44530,NA
"460","piceabie",100,"LandisOutputs/Test10/piceabie-MAX-100.img",44530,NA
"461","piceabie",100,"LandisOutputs/Test9/piceabie-MAX-100.img",44530,NA
"462","piceabie",150,"LandisOutputs/Test10/piceabie-MAX-150.img",44530,NA
"463","piceabie",150,"LandisOutputs/Test9/piceabie-MAX-150.img",44530,NA
"464","piceabie",200,"LandisOutputs/Test10/piceabie-MAX-200.img",44530,NA
"465","piceabie",200,"LandisOutputs/Test9/piceabie-MAX-200.img",44530,NA
"466","piceabie",250,"LandisOutputs/Test10/piceabie-MAX-250.img",16237,NA
"467","piceabie",250,"LandisOutputs/Test9/piceabie-MAX-250.img",16386,NA
"468","piceabie",300,"LandisOutputs/Test10/piceabie-MAX-300.img",1927,NA
"469","piceabie",300,"LandisOutputs/Test9/piceabie-MAX-300.img",1643,NA
"470","piceabie",350,"LandisOutputs/Test10/piceabie-MAX-350.img",2770,NA
"471","piceabie",350,"LandisOutputs/Test9/piceabie-MAX-350.img",2548,NA
"472","piceabie",400,"LandisOutputs/Test10/piceabie-MAX-400.img",3109,NA
"473","piceabie",400,"LandisOutputs/Test9/piceabie-MAX-400.img",2761,NA
"474","piceabie",450,"LandisOutputs/Test10/piceabie-MAX-450.img",3928,NA
"475","piceabie",450,"LandisOutputs/Test9/piceabie-MAX-450.img",3157,NA
"476","piceabie",500,"LandisOutputs/Test10/piceabie-MAX-500.img",5144,NA
"477","piceabie",500,"LandisOutputs/Test9/piceabie-MAX-500.img",3798,NA
"478","piceabie",550,"LandisOutputs/Test10/piceabie-MAX-550.img",5438,NA
"479","piceabie",550,"LandisOutputs/Test9/piceabie-MAX-550.img",4000,NA
"480","piceabie",600,"LandisOutputs/Test10/piceabie-MAX-600.img",6544,NA
"481","piceabie",600,"LandisOutputs/Test9/piceabie-MAX-600.img",4613,NA
"482","piceabie",650,"LandisOutputs/Test10/piceabie-MAX-650.img",8364,NA
"483","piceabie",650,"LandisOutputs/Test9/piceabie-MAX-650.img",5994,NA
"484","piceabie",700,"LandisOutputs/Test10/piceabie-MAX-700.img",9400,NA
"485","piceabie",700,"LandisOutputs/Test9/piceabie-MAX-700.img",6849,NA
"486","piceabie",750,"LandisOutputs/Test10/piceabie-MAX-750.img",9806,NA
"487","piceabie",750,"LandisOutputs/Test9/piceabie-MAX-750.img",7041,NA
"488","piceabie",800,"LandisOutputs/Test10/piceabie-MAX-800.img",10271,NA
"489","piceabie",800,"LandisOutputs/Test9/piceabie-MAX-800.img",7317,NA
"490","piceabie",850,"LandisOutputs/Test10/piceabie-MAX-850.img",10697,NA
"491","piceabie",850,"LandisOutputs/Test9/piceabie-MAX-850.img",7554,NA
"492","piceabie",900,"LandisOutputs/Test10/piceabie-MAX-900.img",11191,NA
"493","piceabie",900,"LandisOutputs/Test9/piceabie-MAX-900.img",7917,NA
"494","piceabie",950,"LandisOutputs/Test10/piceabie-MAX-950.img",11800,NA
"495","piceabie",950,"LandisOutputs/Test9/piceabie-MAX-950.img",8617,NA
"496","piceabie",1000,"LandisOutputs/Test10/piceabie-MAX-1000.img",12513,NA
"497","piceabie",1000,"LandisOutputs/Test9/piceabie-MAX-1000.img",9258,NA
"498","piceabie",1050,"LandisOutputs/Test10/piceabie-MAX-1050.img",13151,NA
"499","piceabie",1050,"LandisOutputs/Test9/piceabie-MAX-1050.img",9713,NA
"500","piceabie",1100,"LandisOutputs/Test10/piceabie-MAX-1100.img",13545,NA
"501","piceabie",1100,"LandisOutputs/Test9/piceabie-MAX-1100.img",9971,NA
"502","piceabie",1150,"LandisOutputs/Test10/piceabie-MAX-1150.img",14138,NA
"503","piceabie",1150,"LandisOutputs/Test9/piceabie-MAX-1150.img",10089,NA
"504","piceabie",1200,"LandisOutputs/Test10/piceabie-MAX-1200.img",14574,NA
"505","piceabie",1200,"LandisOutputs/Test9/piceabie-MAX-1200.img",10498,NA
"506","piceabie",1250,"LandisOutputs/Test10/piceabie-MAX-1250.img",15021,NA
"507","piceabie",1250,"LandisOutputs/Test9/piceabie-MAX-1250.img",10892,NA
"508","piceabie",1300,"LandisOutputs/Test10/piceabie-MAX-1300.img",15313,NA
"509","piceabie",1300,"LandisOutputs/Test9/piceabie-MAX-1300.img",11222,NA
"510","piceabie",1350,"LandisOutputs/Test10/piceabie-MAX-1350.img",15543,NA
"511","piceabie",1350,"LandisOutputs/Test9/piceabie-MAX-1350.img",11522,NA
"512","piceabie",1400,"LandisOutputs/Test10/piceabie-MAX-1400.img",15808,NA
"513","piceabie",1400,"LandisOutputs/Test9/piceabie-MAX-1400.img",11628,NA
"514","piceabie",1450,"LandisOutputs/Test10/piceabie-MAX-1450.img",15963,NA
"515","piceabie",1450,"LandisOutputs/Test9/piceabie-MAX-1450.img",11738,NA
"516","piceabie",1500,"LandisOutputs/Test10/piceabie-MAX-1500.img",16215,NA
"517","piceabie",1500,"LandisOutputs/Test9/piceabie-MAX-1500.img",11938,NA
"518","piceabie",1550,"LandisOutputs/Test10/piceabie-MAX-1550.img",16475,NA
"519","piceabie",1550,"LandisOutputs/Test9/piceabie-MAX-1550.img",12168,NA
"520","piceabie",1600,"LandisOutputs/Test10/piceabie-MAX-1600.img",16829,NA
"521","piceabie",1600,"LandisOutputs/Test9/piceabie-MAX-1600.img",12518,NA
"522","piceabie",1650,"LandisOutputs/Test10/piceabie-MAX-1650.img",16932,NA
"523","piceabie",1650,"LandisOutputs/Test9/piceabie-MAX-1650.img",12699,NA
"524","piceabie",1700,"LandisOutputs/Test10/piceabie-MAX-1700.img",17248,NA
"525","piceabie",1700,"LandisOutputs/Test9/piceabie-MAX-1700.img",12745,NA
"526","piceabie",1750,"LandisOutputs/Test10/piceabie-MAX-1750.img",17435,NA
"527","piceabie",1750,"LandisOutputs/Test9/piceabie-MAX-1750.img",12828,NA
"528","piceabie",1800,"LandisOutputs/Test10/piceabie-MAX-1800.img",17481,NA
"529","piceabie",1800,"LandisOutputs/Test9/piceabie-MAX-1800.img",12885,NA
"530","piceabie",1850,"LandisOutputs/Test10/piceabie-MAX-1850.img",17505,NA
"531","piceabie",1850,"LandisOutputs/Test9/piceabie-MAX-1850.img",12973,NA
"532","piceabie",1900,"LandisOutputs/Test10/piceabie-MAX-1900.img",17605,NA
"533","piceabie",1900,"LandisOutputs/Test9/piceabie-MAX-1900.img",13102,NA
"534","piceabie",1950,"LandisOutputs/Test10/piceabie-MAX-1950.img",17619,NA
"535","piceabie",1950,"LandisOutputs/Test9/piceabie-MAX-1950.img",13181,NA
"536","piceabie",2000,"LandisOutputs/Test10/piceabie-MAX-2000.img",17637,NA
"537","piceabie",2000,"LandisOutputs/Test9/piceabie-MAX-2000.img",13137,NA
"538","piceabie",2050,"LandisOutputs/Test10/piceabie-MAX-2050.img",17642,NA
"539","piceabie",2050,"LandisOutputs/Test9/piceabie-MAX-2050.img",13188,NA
"540","piceabie",2100,"LandisOutputs/Test10/piceabie-MAX-2100.img",17646,NA
"541","piceabie",2100,"LandisOutputs/Test9/piceabie-MAX-2100.img",13222,NA
"542","piceabie",2150,"LandisOutputs/Test10/piceabie-MAX-2150.img",17661,NA
"543","piceabie",2150,"LandisOutputs/Test9/piceabie-MAX-2150.img",13172,NA
"544","piceabie",2200,"LandisOutputs/Test10/piceabie-MAX-2200.img",17704,NA
"545","piceabie",2200,"LandisOutputs/Test9/piceabie-MAX-2200.img",13167,NA
"546","piceabie",2250,"LandisOutputs/Test10/piceabie-MAX-2250.img",17565,NA
"547","piceabie",2250,"LandisOutputs/Test9/piceabie-MAX-2250.img",13129,NA
"548","piceabie",2300,"LandisOutputs/Test10/piceabie-MAX-2300.img",17429,NA
"549","piceabie",2300,"LandisOutputs/Test9/piceabie-MAX-2300.img",13058,NA
"550","piceabie",2350,"LandisOutputs/Test10/piceabie-MAX-2350.img",17388,NA
"551","piceabie",2350,"LandisOutputs/Test9/piceabie-MAX-2350.img",12990,NA
"552","piceabie",2400,"LandisOutputs/Test10/piceabie-MAX-2400.img",17343,NA
"553","piceabie",2400,"LandisOutputs/Test9/piceabie-MAX-2400.img",12982,NA
"554","piceabie",2450,"LandisOutputs/Test10/piceabie-MAX-2450.img",17327,NA
"555","piceabie",2450,"LandisOutputs/Test9/piceabie-MAX-2450.img",12953,NA
"556","piceabie",2500,"LandisOutputs/Test10/piceabie-MAX-2500.img",17501,NA
"557","piceabie",2500,"LandisOutputs/Test9/piceabie-MAX-2500.img",12906,NA
"558","piceabie",2550,"LandisOutputs/Test10/piceabie-MAX-2550.img",17536,NA
"559","piceabie",2550,"LandisOutputs/Test9/piceabie-MAX-2550.img",12765,NA
"560","piceabie",2600,"LandisOutputs/Test10/piceabie-MAX-2600.img",17486,NA
"561","piceabie",2600,"LandisOutputs/Test9/piceabie-MAX-2600.img",12597,NA
"562","piceabie",2650,"LandisOutputs/Test10/piceabie-MAX-2650.img",17424,NA
"563","piceabie",2650,"LandisOutputs/Test9/piceabie-MAX-2650.img",12471,NA
"564","piceabie",2700,"LandisOutputs/Test10/piceabie-MAX-2700.img",17272,NA
"565","piceabie",2700,"LandisOutputs/Test9/piceabie-MAX-2700.img",12401,NA
"566","piceabie",2750,"LandisOutputs/Test10/piceabie-MAX-2750.img",17080,NA
"567","piceabie",2750,"LandisOutputs/Test9/piceabie-MAX-2750.img",12280,NA
"568","piceabie",2800,"LandisOutputs/Test10/piceabie-MAX-2800.img",17004,NA
"569","piceabie",2800,"LandisOutputs/Test9/piceabie-MAX-2800.img",12211,NA
"570","piceabie",2850,"LandisOutputs/Test10/piceabie-MAX-2850.img",16932,NA
"571","piceabie",2850,"LandisOutputs/Test9/piceabie-MAX-2850.img",12072,NA
"572","piceabie",2900,"LandisOutputs/Test10/piceabie-MAX-2900.img",16893,NA
"573","piceabie",2900,"LandisOutputs/Test9/piceabie-MAX-2900.img",11870,NA
"574","piceabie",2950,"LandisOutputs/Test10/piceabie-MAX-2950.img",16821,NA
"575","piceabie",2950,"LandisOutputs/Test9/piceabie-MAX-2950.img",11636,NA
"576","piceabie",3000,"LandisOutputs/Test10/piceabie-MAX-3000.img",16724,NA
"577","piceabie",3000,"LandisOutputs/Test9/piceabie-MAX-3000.img",11594,NA
"578","pinusylv",0,"LandisOutputs/Test10/pinusylv-MAX-0.img",44530,NA
"579","pinusylv",0,"LandisOutputs/Test9/pinusylv-MAX-0.img",44530,NA
"580","pinusylv",50,"LandisOutputs/Test10/pinusylv-MAX-50.img",56618,NA
"581","pinusylv",50,"LandisOutputs/Test9/pinusylv-MAX-50.img",56510,NA
"582","pinusylv",100,"LandisOutputs/Test10/pinusylv-MAX-100.img",56618,NA
"583","pinusylv",100,"LandisOutputs/Test9/pinusylv-MAX-100.img",56513,NA
"584","pinusylv",150,"LandisOutputs/Test10/pinusylv-MAX-150.img",56623,NA
"585","pinusylv",150,"LandisOutputs/Test9/pinusylv-MAX-150.img",56514,NA
"586","pinusylv",200,"LandisOutputs/Test10/pinusylv-MAX-200.img",56625,NA
"587","pinusylv",200,"LandisOutputs/Test9/pinusylv-MAX-200.img",56519,NA
"588","pinusylv",250,"LandisOutputs/Test10/pinusylv-MAX-250.img",25986,NA
"589","pinusylv",250,"LandisOutputs/Test9/pinusylv-MAX-250.img",26127,NA
"590","pinusylv",300,"LandisOutputs/Test10/pinusylv-MAX-300.img",3857,NA
"591","pinusylv",300,"LandisOutputs/Test9/pinusylv-MAX-300.img",3037,NA
"592","pinusylv",350,"LandisOutputs/Test10/pinusylv-MAX-350.img",5161,NA
"593","pinusylv",350,"LandisOutputs/Test9/pinusylv-MAX-350.img",4186,NA
"594","pinusylv",400,"LandisOutputs/Test10/pinusylv-MAX-400.img",5780,NA
"595","pinusylv",400,"LandisOutputs/Test9/pinusylv-MAX-400.img",4535,NA
"596","pinusylv",450,"LandisOutputs/Test10/pinusylv-MAX-450.img",7199,NA
"597","pinusylv",450,"LandisOutputs/Test9/pinusylv-MAX-450.img",5201,NA
"598","pinusylv",500,"LandisOutputs/Test10/pinusylv-MAX-500.img",9496,NA
"599","pinusylv",500,"LandisOutputs/Test9/pinusylv-MAX-500.img",6494,NA
"600","pinusylv",550,"LandisOutputs/Test10/pinusylv-MAX-550.img",9781,NA
"601","pinusylv",550,"LandisOutputs/Test9/pinusylv-MAX-550.img",6868,NA
"602","pinusylv",600,"LandisOutputs/Test10/pinusylv-MAX-600.img",11815,NA
"603","pinusylv",600,"LandisOutputs/Test9/pinusylv-MAX-600.img",7959,NA
"604","pinusylv",650,"LandisOutputs/Test10/pinusylv-MAX-650.img",15385,NA
"605","pinusylv",650,"LandisOutputs/Test9/pinusylv-MAX-650.img",10876,NA
"606","pinusylv",700,"LandisOutputs/Test10/pinusylv-MAX-700.img",17320,NA
"607","pinusylv",700,"LandisOutputs/Test9/pinusylv-MAX-700.img",12738,NA
"608","pinusylv",750,"LandisOutputs/Test10/pinusylv-MAX-750.img",18110,NA
"609","pinusylv",750,"LandisOutputs/Test9/pinusylv-MAX-750.img",13297,NA
"610","pinusylv",800,"LandisOutputs/Test10/pinusylv-MAX-800.img",18622,NA
"611","pinusylv",800,"LandisOutputs/Test9/pinusylv-MAX-800.img",13667,NA
"612","pinusylv",850,"LandisOutputs/Test10/pinusylv-MAX-850.img",18795,NA
"613","pinusylv",850,"LandisOutputs/Test9/pinusylv-MAX-850.img",13869,NA
"614","pinusylv",900,"LandisOutputs/Test10/pinusylv-MAX-900.img",19003,NA
"615","pinusylv",900,"LandisOutputs/Test9/pinusylv-MAX-900.img",14307,NA
"616","pinusylv",950,"LandisOutputs/Test10/pinusylv-MAX-950.img",19583,NA
"617","pinusylv",950,"LandisOutputs/Test9/pinusylv-MAX-950.img",15485,NA
"618","pinusylv",1000,"LandisOutputs/Test10/pinusylv-MAX-1000.img",20244,NA
"619","pinusylv",1000,"LandisOutputs/Test9/pinusylv-MAX-1000.img",16465,NA
"620","pinusylv",1050,"LandisOutputs/Test10/pinusylv-MAX-1050.img",20957,NA
"621","pinusylv",1050,"LandisOutputs/Test9/pinusylv-MAX-1050.img",17220,NA
"622","pinusylv",1100,"LandisOutputs/Test10/pinusylv-MAX-1100.img",21256,NA
"623","pinusylv",1100,"LandisOutputs/Test9/pinusylv-MAX-1100.img",17375,NA
"624","pinusylv",1150,"LandisOutputs/Test10/pinusylv-MAX-1150.img",21550,NA
"625","pinusylv",1150,"LandisOutputs/Test9/pinusylv-MAX-1150.img",17289,NA
"626","pinusylv",1200,"LandisOutputs/Test10/pinusylv-MAX-1200.img",21845,NA
"627","pinusylv",1200,"LandisOutputs/Test9/pinusylv-MAX-1200.img",17378,NA
"628","pinusylv",1250,"LandisOutputs/Test10/pinusylv-MAX-1250.img",22135,NA
"629","pinusylv",1250,"LandisOutputs/Test9/pinusylv-MAX-1250.img",17844,NA
"630","pinusylv",1300,"LandisOutputs/Test10/pinusylv-MAX-1300.img",22220,NA
"631","pinusylv",1300,"LandisOutputs/Test9/pinusylv-MAX-1300.img",18180,NA
"632","pinusylv",1350,"LandisOutputs/Test10/pinusylv-MAX-1350.img",22271,NA
"633","pinusylv",1350,"LandisOutputs/Test9/pinusylv-MAX-1350.img",18431,NA
"634","pinusylv",1400,"LandisOutputs/Test10/pinusylv-MAX-1400.img",22058,NA
"635","pinusylv",1400,"LandisOutputs/Test9/pinusylv-MAX-1400.img",18264,NA
"636","pinusylv",1450,"LandisOutputs/Test10/pinusylv-MAX-1450.img",21801,NA
"637","pinusylv",1450,"LandisOutputs/Test9/pinusylv-MAX-1450.img",18032,NA
"638","pinusylv",1500,"LandisOutputs/Test10/pinusylv-MAX-1500.img",21700,NA
"639","pinusylv",1500,"LandisOutputs/Test9/pinusylv-MAX-1500.img",18027,NA
"640","pinusylv",1550,"LandisOutputs/Test10/pinusylv-MAX-1550.img",21707,NA
"641","pinusylv",1550,"LandisOutputs/Test9/pinusylv-MAX-1550.img",18044,NA
"642","pinusylv",1600,"LandisOutputs/Test10/pinusylv-MAX-1600.img",21686,NA
"643","pinusylv",1600,"LandisOutputs/Test9/pinusylv-MAX-1600.img",18195,NA
"644","pinusylv",1650,"LandisOutputs/Test10/pinusylv-MAX-1650.img",21537,NA
"645","pinusylv",1650,"LandisOutputs/Test9/pinusylv-MAX-1650.img",18250,NA
"646","pinusylv",1700,"LandisOutputs/Test10/pinusylv-MAX-1700.img",21584,NA
"647","pinusylv",1700,"LandisOutputs/Test9/pinusylv-MAX-1700.img",18027,NA
"648","pinusylv",1750,"LandisOutputs/Test10/pinusylv-MAX-1750.img",21493,NA
"649","pinusylv",1750,"LandisOutputs/Test9/pinusylv-MAX-1750.img",17731,NA
"650","pinusylv",1800,"LandisOutputs/Test10/pinusylv-MAX-1800.img",21342,NA
"651","pinusylv",1800,"LandisOutputs/Test9/pinusylv-MAX-1800.img",17565,NA
"652","pinusylv",1850,"LandisOutputs/Test10/pinusylv-MAX-1850.img",21148,NA
"653","pinusylv",1850,"LandisOutputs/Test9/pinusylv-MAX-1850.img",17488,NA
"654","pinusylv",1900,"LandisOutputs/Test10/pinusylv-MAX-1900.img",20928,NA
"655","pinusylv",1900,"LandisOutputs/Test9/pinusylv-MAX-1900.img",17449,NA
"656","pinusylv",1950,"LandisOutputs/Test10/pinusylv-MAX-1950.img",20697,NA
"657","pinusylv",1950,"LandisOutputs/Test9/pinusylv-MAX-1950.img",17297,NA
"658","pinusylv",2000,"LandisOutputs/Test10/pinusylv-MAX-2000.img",20614,NA
"659","pinusylv",2000,"LandisOutputs/Test9/pinusylv-MAX-2000.img",16964,NA
"660","pinusylv",2050,"LandisOutputs/Test10/pinusylv-MAX-2050.img",20394,NA
"661","pinusylv",2050,"LandisOutputs/Test9/pinusylv-MAX-2050.img",16712,NA
"662","pinusylv",2100,"LandisOutputs/Test10/pinusylv-MAX-2100.img",20324,NA
"663","pinusylv",2100,"LandisOutputs/Test9/pinusylv-MAX-2100.img",16535,NA
"664","pinusylv",2150,"LandisOutputs/Test10/pinusylv-MAX-2150.img",20073,NA
"665","pinusylv",2150,"LandisOutputs/Test9/pinusylv-MAX-2150.img",16279,NA
"666","pinusylv",2200,"LandisOutputs/Test10/pinusylv-MAX-2200.img",20057,NA
"667","pinusylv",2200,"LandisOutputs/Test9/pinusylv-MAX-2200.img",16160,NA
"668","pinusylv",2250,"LandisOutputs/Test10/pinusylv-MAX-2250.img",19706,NA
"669","pinusylv",2250,"LandisOutputs/Test9/pinusylv-MAX-2250.img",15940,NA
"670","pinusylv",2300,"LandisOutputs/Test10/pinusylv-MAX-2300.img",19586,NA
"671","pinusylv",2300,"LandisOutputs/Test9/pinusylv-MAX-2300.img",15711,NA
"672","pinusylv",2350,"LandisOutputs/Test10/pinusylv-MAX-2350.img",19411,NA
"673","pinusylv",2350,"LandisOutputs/Test9/pinusylv-MAX-2350.img",15471,NA
"674","pinusylv",2400,"LandisOutputs/Test10/pinusylv-MAX-2400.img",19310,NA
"675","pinusylv",2400,"LandisOutputs/Test9/pinusylv-MAX-2400.img",15403,NA
"676","pinusylv",2450,"LandisOutputs/Test10/pinusylv-MAX-2450.img",19186,NA
"677","pinusylv",2450,"LandisOutputs/Test9/pinusylv-MAX-2450.img",15223,NA
"678","pinusylv",2500,"LandisOutputs/Test10/pinusylv-MAX-2500.img",19225,NA
"679","pinusylv",2500,"LandisOutputs/Test9/pinusylv-MAX-2500.img",15095,NA
"680","pinusylv",2550,"LandisOutputs/Test10/pinusylv-MAX-2550.img",19193,NA
"681","pinusylv",2550,"LandisOutputs/Test9/pinusylv-MAX-2550.img",14877,NA
"682","pinusylv",2600,"LandisOutputs/Test10/pinusylv-MAX-2600.img",19054,NA
"683","pinusylv",2600,"LandisOutputs/Test9/pinusylv-MAX-2600.img",14600,NA
"684","pinusylv",2650,"LandisOutputs/Test10/pinusylv-MAX-2650.img",18906,NA
"685","pinusylv",2650,"LandisOutputs/Test9/pinusylv-MAX-2650.img",14323,NA
"686","pinusylv",2700,"LandisOutputs/Test10/pinusylv-MAX-2700.img",18637,NA
"687","pinusylv",2700,"LandisOutputs/Test9/pinusylv-MAX-2700.img",14189,NA
"688","pinusylv",2750,"LandisOutputs/Test10/pinusylv-MAX-2750.img",18456,NA
"689","pinusylv",2750,"LandisOutputs/Test9/pinusylv-MAX-2750.img",13863,NA
"690","pinusylv",2800,"LandisOutputs/Test10/pinusylv-MAX-2800.img",18283,NA
"691","pinusylv",2800,"LandisOutputs/Test9/pinusylv-MAX-2800.img",13706,NA
"692","pinusylv",2850,"LandisOutputs/Test10/pinusylv-MAX-2850.img",18001,NA
"693","pinusylv",2850,"LandisOutputs/Test9/pinusylv-MAX-2850.img",13430,NA
"694","pinusylv",2900,"LandisOutputs/Test10/pinusylv-MAX-2900.img",18053,NA
"695","pinusylv",2900,"LandisOutputs/Test9/pinusylv-MAX-2900.img",13187,NA
"696","pinusylv",2950,"LandisOutputs/Test10/pinusylv-MAX-2950.img",17948,NA
"697","pinusylv",2950,"LandisOutputs/Test9/pinusylv-MAX-2950.img",12933,NA
"698","pinusylv",3000,"LandisOutputs/Test10/pinusylv-MAX-3000.img",17790,NA
"699","pinusylv",3000,"LandisOutputs/Test9/pinusylv-MAX-3000.img",12874,NA
"700","querrobu",0,"LandisOutputs/Test10/querrobu-MAX-0.img",38685,NA
"701","querrobu",0,"LandisOutputs/Test9/querrobu-MAX-0.img",38685,NA
"702","querrobu",50,"LandisOutputs/Test10/querrobu-MAX-50.img",38685,NA
"703","querrobu",50,"LandisOutputs/Test9/querrobu-MAX-50.img",38685,NA
"704","querrobu",100,"LandisOutputs/Test10/querrobu-MAX-100.img",38685,NA
"705","querrobu",100,"LandisOutputs/Test9/querrobu-MAX-100.img",38685,NA
"706","querrobu",150,"LandisOutputs/Test10/querrobu-MAX-150.img",38686,NA
"707","querrobu",150,"LandisOutputs/Test9/querrobu-MAX-150.img",38685,NA
"708","querrobu",200,"LandisOutputs/Test10/querrobu-MAX-200.img",38687,NA
"709","querrobu",200,"LandisOutputs/Test9/querrobu-MAX-200.img",38685,NA
"710","querrobu",250,"LandisOutputs/Test10/querrobu-MAX-250.img",38699,NA
"711","querrobu",250,"LandisOutputs/Test9/querrobu-MAX-250.img",38698,NA
"712","querrobu",300,"LandisOutputs/Test10/querrobu-MAX-300.img",39843,NA
"713","querrobu",300,"LandisOutputs/Test9/querrobu-MAX-300.img",39413,NA
"714","querrobu",350,"LandisOutputs/Test10/querrobu-MAX-350.img",41420,NA
"715","querrobu",350,"LandisOutputs/Test9/querrobu-MAX-350.img",41087,NA
"716","querrobu",400,"LandisOutputs/Test10/querrobu-MAX-400.img",27282,NA
"717","querrobu",400,"LandisOutputs/Test9/querrobu-MAX-400.img",26796,NA
"718","querrobu",450,"LandisOutputs/Test10/querrobu-MAX-450.img",7142,NA
"719","querrobu",450,"LandisOutputs/Test9/querrobu-MAX-450.img",5633,NA
"720","querrobu",500,"LandisOutputs/Test10/querrobu-MAX-500.img",7010,NA
"721","querrobu",500,"LandisOutputs/Test9/querrobu-MAX-500.img",4886,NA
"722","querrobu",550,"LandisOutputs/Test10/querrobu-MAX-550.img",8304,NA
"723","querrobu",550,"LandisOutputs/Test9/querrobu-MAX-550.img",5895,NA
"724","querrobu",600,"LandisOutputs/Test10/querrobu-MAX-600.img",10458,NA
"725","querrobu",600,"LandisOutputs/Test9/querrobu-MAX-600.img",7303,NA
"726","querrobu",650,"LandisOutputs/Test10/querrobu-MAX-650.img",12851,NA
"727","querrobu",650,"LandisOutputs/Test9/querrobu-MAX-650.img",9567,NA
"728","querrobu",700,"LandisOutputs/Test10/querrobu-MAX-700.img",13787,NA
"729","querrobu",700,"LandisOutputs/Test9/querrobu-MAX-700.img",10648,NA
"730","querrobu",750,"LandisOutputs/Test10/querrobu-MAX-750.img",14088,NA
"731","querrobu",750,"LandisOutputs/Test9/querrobu-MAX-750.img",10444,NA
"732","querrobu",800,"LandisOutputs/Test10/querrobu-MAX-800.img",14560,NA
"733","querrobu",800,"LandisOutputs/Test9/querrobu-MAX-800.img",10809,NA
"734","querrobu",850,"LandisOutputs/Test10/querrobu-MAX-850.img",14359,NA
"735","querrobu",850,"LandisOutputs/Test9/querrobu-MAX-850.img",10938,NA
"736","querrobu",900,"LandisOutputs/Test10/querrobu-MAX-900.img",14803,NA
"737","querrobu",900,"LandisOutputs/Test9/querrobu-MAX-900.img",11693,NA
"738","querrobu",950,"LandisOutputs/Test10/querrobu-MAX-950.img",15203,NA
"739","querrobu",950,"LandisOutputs/Test9/querrobu-MAX-950.img",12621,NA
"740","querrobu",1000,"LandisOutputs/Test10/querrobu-MAX-1000.img",14872,NA
"741","querrobu",1000,"LandisOutputs/Test9/querrobu-MAX-1000.img",12737,NA
"742","querrobu",1050,"LandisOutputs/Test10/querrobu-MAX-1050.img",14260,NA
"743","querrobu",1050,"LandisOutputs/Test9/querrobu-MAX-1050.img",12065,NA
"744","querrobu",1100,"LandisOutputs/Test10/querrobu-MAX-1100.img",13829,NA
"745","querrobu",1100,"LandisOutputs/Test9/querrobu-MAX-1100.img",11564,NA
"746","querrobu",1150,"LandisOutputs/Test10/querrobu-MAX-1150.img",13884,NA
"747","querrobu",1150,"LandisOutputs/Test9/querrobu-MAX-1150.img",11545,NA
"748","querrobu",1200,"LandisOutputs/Test10/querrobu-MAX-1200.img",14031,NA
"749","querrobu",1200,"LandisOutputs/Test9/querrobu-MAX-1200.img",12099,NA
"750","querrobu",1250,"LandisOutputs/Test10/querrobu-MAX-1250.img",14160,NA
"751","querrobu",1250,"LandisOutputs/Test9/querrobu-MAX-1250.img",12533,NA
"752","querrobu",1300,"LandisOutputs/Test10/querrobu-MAX-1300.img",13878,NA
"753","querrobu",1300,"LandisOutputs/Test9/querrobu-MAX-1300.img",12347,NA
"754","querrobu",1350,"LandisOutputs/Test10/querrobu-MAX-1350.img",13621,NA
"755","querrobu",1350,"LandisOutputs/Test9/querrobu-MAX-1350.img",11943,NA
"756","querrobu",1400,"LandisOutputs/Test10/querrobu-MAX-1400.img",13448,NA
"757","querrobu",1400,"LandisOutputs/Test9/querrobu-MAX-1400.img",11516,NA
"758","querrobu",1450,"LandisOutputs/Test10/querrobu-MAX-1450.img",13236,NA
"759","querrobu",1450,"LandisOutputs/Test9/querrobu-MAX-1450.img",11446,NA
"760","querrobu",1500,"LandisOutputs/Test10/querrobu-MAX-1500.img",13178,NA
"761","querrobu",1500,"LandisOutputs/Test9/querrobu-MAX-1500.img",11632,NA
"762","querrobu",1550,"LandisOutputs/Test10/querrobu-MAX-1550.img",13010,NA
"763","querrobu",1550,"LandisOutputs/Test9/querrobu-MAX-1550.img",11563,NA
"764","querrobu",1600,"LandisOutputs/Test10/querrobu-MAX-1600.img",12797,NA
"765","querrobu",1600,"LandisOutputs/Test9/querrobu-MAX-1600.img",11337,NA
"766","querrobu",1650,"LandisOutputs/Test10/querrobu-MAX-1650.img",12567,NA
"767","querrobu",1650,"LandisOutputs/Test9/querrobu-MAX-1650.img",10950,NA
"768","querrobu",1700,"LandisOutputs/Test10/querrobu-MAX-1700.img",12390,NA
"769","querrobu",1700,"LandisOutputs/Test9/querrobu-MAX-1700.img",10666,NA
"770","querrobu",1750,"LandisOutputs/Test10/querrobu-MAX-1750.img",12295,NA
"771","querrobu",1750,"LandisOutputs/Test9/querrobu-MAX-1750.img",10638,NA
"772","querrobu",1800,"LandisOutputs/Test10/querrobu-MAX-1800.img",12229,NA
"773","querrobu",1800,"LandisOutputs/Test9/querrobu-MAX-1800.img",10621,NA
"774","querrobu",1850,"LandisOutputs/Test10/querrobu-MAX-1850.img",12105,NA
"775","querrobu",1850,"LandisOutputs/Test9/querrobu-MAX-1850.img",10501,NA
"776","querrobu",1900,"LandisOutputs/Test10/querrobu-MAX-1900.img",11951,NA
"777","querrobu",1900,"LandisOutputs/Test9/querrobu-MAX-1900.img",10364,NA
"778","querrobu",1950,"LandisOutputs/Test10/querrobu-MAX-1950.img",11800,NA
"779","querrobu",1950,"LandisOutputs/Test9/querrobu-MAX-1950.img",10052,NA
"780","querrobu",2000,"LandisOutputs/Test10/querrobu-MAX-2000.img",11651,NA
"781","querrobu",2000,"LandisOutputs/Test9/querrobu-MAX-2000.img",9820,NA
"782","querrobu",2050,"LandisOutputs/Test10/querrobu-MAX-2050.img",11459,NA
"783","querrobu",2050,"LandisOutputs/Test9/querrobu-MAX-2050.img",9753,NA
"784","querrobu",2100,"LandisOutputs/Test10/querrobu-MAX-2100.img",11425,NA
"785","querrobu",2100,"LandisOutputs/Test9/querrobu-MAX-2100.img",9679,NA
"786","querrobu",2150,"LandisOutputs/Test10/querrobu-MAX-2150.img",11245,NA
"787","querrobu",2150,"LandisOutputs/Test9/querrobu-MAX-2150.img",9533,NA
"788","querrobu",2200,"LandisOutputs/Test10/querrobu-MAX-2200.img",11117,NA
"789","querrobu",2200,"LandisOutputs/Test9/querrobu-MAX-2200.img",9352,NA
"790","querrobu",2250,"LandisOutputs/Test10/querrobu-MAX-2250.img",10950,NA
"791","querrobu",2250,"LandisOutputs/Test9/querrobu-MAX-2250.img",9128,NA
"792","querrobu",2300,"LandisOutputs/Test10/querrobu-MAX-2300.img",10854,NA
"793","querrobu",2300,"LandisOutputs/Test9/querrobu-MAX-2300.img",8958,NA
"794","querrobu",2350,"LandisOutputs/Test10/querrobu-MAX-2350.img",10748,NA
"795","querrobu",2350,"LandisOutputs/Test9/querrobu-MAX-2350.img",8977,NA
"796","querrobu",2400,"LandisOutputs/Test10/querrobu-MAX-2400.img",10541,NA
"797","querrobu",2400,"LandisOutputs/Test9/querrobu-MAX-2400.img",8876,NA
"798","querrobu",2450,"LandisOutputs/Test10/querrobu-MAX-2450.img",10480,NA
"799","querrobu",2450,"LandisOutputs/Test9/querrobu-MAX-2450.img",8699,NA
"800","querrobu",2500,"LandisOutputs/Test10/querrobu-MAX-2500.img",10381,NA
"801","querrobu",2500,"LandisOutputs/Test9/querrobu-MAX-2500.img",8586,NA
"802","querrobu",2550,"LandisOutputs/Test10/querrobu-MAX-2550.img",10360,NA
"803","querrobu",2550,"LandisOutputs/Test9/querrobu-MAX-2550.img",8332,NA
"804","querrobu",2600,"LandisOutputs/Test10/querrobu-MAX-2600.img",10325,NA
"805","querrobu",2600,"LandisOutputs/Test9/querrobu-MAX-2600.img",8240,NA
"806","querrobu",2650,"LandisOutputs/Test10/querrobu-MAX-2650.img",10236,NA
"807","querrobu",2650,"LandisOutputs/Test9/querrobu-MAX-2650.img",8119,NA
"808","querrobu",2700,"LandisOutputs/Test10/querrobu-MAX-2700.img",10148,NA
"809","querrobu",2700,"LandisOutputs/Test9/querrobu-MAX-2700.img",7942,NA
"810","querrobu",2750,"LandisOutputs/Test10/querrobu-MAX-2750.img",10118,NA
"811","querrobu",2750,"LandisOutputs/Test9/querrobu-MAX-2750.img",7739,NA
"812","querrobu",2800,"LandisOutputs/Test10/querrobu-MAX-2800.img",10042,NA
"813","querrobu",2800,"LandisOutputs/Test9/querrobu-MAX-2800.img",7531,NA
"814","querrobu",2850,"LandisOutputs/Test10/querrobu-MAX-2850.img",9913,NA
"815","querrobu",2850,"LandisOutputs/Test9/querrobu-MAX-2850.img",7378,NA
"816","querrobu",2900,"LandisOutputs/Test10/querrobu-MAX-2900.img",9754,NA
"817","querrobu",2900,"LandisOutputs/Test9/querrobu-MAX-2900.img",7208,NA
"818","querrobu",2950,"LandisOutputs/Test10/querrobu-MAX-2950.img",9604,NA
"819","querrobu",2950,"LandisOutputs/Test9/querrobu-MAX-2950.img",7144,NA
"820","querrobu",3000,"LandisOutputs/Test10/querrobu-MAX-3000.img",9515,NA
"821","querrobu",3000,"LandisOutputs/Test9/querrobu-MAX-3000.img",7048,NA
"822","salicine",0,"LandisOutputs/Test10/salicine-MAX-0.img",44530,NA
"823","salicine",0,"LandisOutputs/Test9/salicine-MAX-0.img",44530,NA
"824","salicine",50,"LandisOutputs/Test10/salicine-MAX-50.img",44532,NA
"825","salicine",50,"LandisOutputs/Test9/salicine-MAX-50.img",44531,NA
"826","salicine",100,"LandisOutputs/Test10/salicine-MAX-100.img",2,NA
"827","salicine",100,"LandisOutputs/Test9/salicine-MAX-100.img",1,NA
"828","sorbaucu",0,"LandisOutputs/Test10/sorbaucu-MAX-0.img",41982,NA
"829","sorbaucu",0,"LandisOutputs/Test9/sorbaucu-MAX-0.img",41982,NA
"830","sorbaucu",50,"LandisOutputs/Test10/sorbaucu-MAX-50.img",52708,NA
"831","sorbaucu",50,"LandisOutputs/Test9/sorbaucu-MAX-50.img",50725,NA
"832","sorbaucu",100,"LandisOutputs/Test10/sorbaucu-MAX-100.img",4664,NA
"833","sorbaucu",100,"LandisOutputs/Test9/sorbaucu-MAX-100.img",3738,NA
"834","sorbaucu",150,"LandisOutputs/Test10/sorbaucu-MAX-150.img",3,NA
"835","sorbaucu",150,"LandisOutputs/Test9/sorbaucu-MAX-150.img",1,NA
"836","sorbaucu",200,"LandisOutputs/Test10/sorbaucu-MAX-200.img",1,NA
"837","taxubacc",0,"LandisOutputs/Test10/taxubacc-MAX-0.img",5523,NA
"838","taxubacc",0,"LandisOutputs/Test9/taxubacc-MAX-0.img",5523,NA
"839","taxubacc",50,"LandisOutputs/Test10/taxubacc-MAX-50.img",6614,NA
"840","taxubacc",50,"LandisOutputs/Test9/taxubacc-MAX-50.img",6885,NA
"841","taxubacc",100,"LandisOutputs/Test10/taxubacc-MAX-100.img",7095,NA
"842","taxubacc",100,"LandisOutputs/Test9/taxubacc-MAX-100.img",7450,NA
"843","taxubacc",150,"LandisOutputs/Test10/taxubacc-MAX-150.img",7322,NA
"844","taxubacc",150,"LandisOutputs/Test9/taxubacc-MAX-150.img",7754,NA
"845","taxubacc",200,"LandisOutputs/Test10/taxubacc-MAX-200.img",7646,NA
"846","taxubacc",200,"LandisOutputs/Test9/taxubacc-MAX-200.img",8171,NA
"847","taxubacc",250,"LandisOutputs/Test10/taxubacc-MAX-250.img",7999,NA
"848","taxubacc",250,"LandisOutputs/Test9/taxubacc-MAX-250.img",8764,NA
"849","taxubacc",300,"LandisOutputs/Test10/taxubacc-MAX-300.img",8222,NA
"850","taxubacc",300,"LandisOutputs/Test9/taxubacc-MAX-300.img",9100,NA
"851","taxubacc",350,"LandisOutputs/Test10/taxubacc-MAX-350.img",8604,NA
"852","taxubacc",350,"LandisOutputs/Test9/taxubacc-MAX-350.img",9671,NA
"853","taxubacc",400,"LandisOutputs/Test10/taxubacc-MAX-400.img",8879,NA
"854","taxubacc",400,"LandisOutputs/Test9/taxubacc-MAX-400.img",10258,NA
"855","taxubacc",450,"LandisOutputs/Test10/taxubacc-MAX-450.img",9175,NA
"856","taxubacc",450,"LandisOutputs/Test9/taxubacc-MAX-450.img",10671,NA
"857","taxubacc",500,"LandisOutputs/Test10/taxubacc-MAX-500.img",9564,NA
"858","taxubacc",500,"LandisOutputs/Test9/taxubacc-MAX-500.img",11308,NA
"859","taxubacc",550,"LandisOutputs/Test10/taxubacc-MAX-550.img",9870,NA
"860","taxubacc",550,"LandisOutputs/Test9/taxubacc-MAX-550.img",11854,NA
"861","taxubacc",600,"LandisOutputs/Test10/taxubacc-MAX-600.img",10234,NA
"862","taxubacc",600,"LandisOutputs/Test9/taxubacc-MAX-600.img",12369,NA
"863","taxubacc",650,"LandisOutputs/Test10/taxubacc-MAX-650.img",10588,NA
"864","taxubacc",650,"LandisOutputs/Test9/taxubacc-MAX-650.img",13018,NA
"865","taxubacc",700,"LandisOutputs/Test10/taxubacc-MAX-700.img",10924,NA
"866","taxubacc",700,"LandisOutputs/Test9/taxubacc-MAX-700.img",13494,NA
"867","taxubacc",750,"LandisOutputs/Test10/taxubacc-MAX-750.img",11284,NA
"868","taxubacc",750,"LandisOutputs/Test9/taxubacc-MAX-750.img",13989,NA
"869","taxubacc",800,"LandisOutputs/Test10/taxubacc-MAX-800.img",11632,NA
"870","taxubacc",800,"LandisOutputs/Test9/taxubacc-MAX-800.img",14588,NA
"871","taxubacc",850,"LandisOutputs/Test10/taxubacc-MAX-850.img",11988,NA
"872","taxubacc",850,"LandisOutputs/Test9/taxubacc-MAX-850.img",15052,NA
"873","taxubacc",900,"LandisOutputs/Test10/taxubacc-MAX-900.img",12319,NA
"874","taxubacc",900,"LandisOutputs/Test9/taxubacc-MAX-900.img",15570,NA
"875","taxubacc",950,"LandisOutputs/Test10/taxubacc-MAX-950.img",12648,NA
"876","taxubacc",950,"LandisOutputs/Test9/taxubacc-MAX-950.img",16086,NA
"877","taxubacc",1000,"LandisOutputs/Test10/taxubacc-MAX-1000.img",13027,NA
"878","taxubacc",1000,"LandisOutputs/Test9/taxubacc-MAX-1000.img",16578,NA
"879","taxubacc",1050,"LandisOutputs/Test10/taxubacc-MAX-1050.img",13383,NA
"880","taxubacc",1050,"LandisOutputs/Test9/taxubacc-MAX-1050.img",17099,NA
"881","taxubacc",1100,"LandisOutputs/Test10/taxubacc-MAX-1100.img",13717,NA
"882","taxubacc",1100,"LandisOutputs/Test9/taxubacc-MAX-1100.img",17586,NA
"883","taxubacc",1150,"LandisOutputs/Test10/taxubacc-MAX-1150.img",14037,NA
"884","taxubacc",1150,"LandisOutputs/Test9/taxubacc-MAX-1150.img",18061,NA
"885","taxubacc",1200,"LandisOutputs/Test10/taxubacc-MAX-1200.img",14360,NA
"886","taxubacc",1200,"LandisOutputs/Test9/taxubacc-MAX-1200.img",18607,NA
"887","taxubacc",1250,"LandisOutputs/Test10/taxubacc-MAX-1250.img",14717,NA
"888","taxubacc",1250,"LandisOutputs/Test9/taxubacc-MAX-1250.img",19103,NA
"889","taxubacc",1300,"LandisOutputs/Test10/taxubacc-MAX-1300.img",15061,NA
"890","taxubacc",1300,"LandisOutputs/Test9/taxubacc-MAX-1300.img",19603,NA
"891","taxubacc",1350,"LandisOutputs/Test10/taxubacc-MAX-1350.img",15390,NA
"892","taxubacc",1350,"LandisOutputs/Test9/taxubacc-MAX-1350.img",20094,NA
"893","taxubacc",1400,"LandisOutputs/Test10/taxubacc-MAX-1400.img",15746,NA
"894","taxubacc",1400,"LandisOutputs/Test9/taxubacc-MAX-1400.img",20575,NA
"895","taxubacc",1450,"LandisOutputs/Test10/taxubacc-MAX-1450.img",16112,NA
"896","taxubacc",1450,"LandisOutputs/Test9/taxubacc-MAX-1450.img",21018,NA
"897","taxubacc",1500,"LandisOutputs/Test10/taxubacc-MAX-1500.img",16478,NA
"898","taxubacc",1500,"LandisOutputs/Test9/taxubacc-MAX-1500.img",21507,NA
"899","taxubacc",1550,"LandisOutputs/Test10/taxubacc-MAX-1550.img",16822,NA
"900","taxubacc",1550,"LandisOutputs/Test9/taxubacc-MAX-1550.img",21932,NA
"901","taxubacc",1600,"LandisOutputs/Test10/taxubacc-MAX-1600.img",17158,NA
"902","taxubacc",1600,"LandisOutputs/Test9/taxubacc-MAX-1600.img",22393,NA
"903","taxubacc",1650,"LandisOutputs/Test10/taxubacc-MAX-1650.img",17469,NA
"904","taxubacc",1650,"LandisOutputs/Test9/taxubacc-MAX-1650.img",22832,NA
"905","taxubacc",1700,"LandisOutputs/Test10/taxubacc-MAX-1700.img",17824,NA
"906","taxubacc",1700,"LandisOutputs/Test9/taxubacc-MAX-1700.img",23287,NA
"907","taxubacc",1750,"LandisOutputs/Test10/taxubacc-MAX-1750.img",18151,NA
"908","taxubacc",1750,"LandisOutputs/Test9/taxubacc-MAX-1750.img",23725,NA
"909","taxubacc",1800,"LandisOutputs/Test10/taxubacc-MAX-1800.img",18509,NA
"910","taxubacc",1800,"LandisOutputs/Test9/taxubacc-MAX-1800.img",24158,NA
"911","taxubacc",1850,"LandisOutputs/Test10/taxubacc-MAX-1850.img",18836,NA
"912","taxubacc",1850,"LandisOutputs/Test9/taxubacc-MAX-1850.img",24619,NA
"913","taxubacc",1900,"LandisOutputs/Test10/taxubacc-MAX-1900.img",19149,NA
"914","taxubacc",1900,"LandisOutputs/Test9/taxubacc-MAX-1900.img",25081,NA
"915","taxubacc",1950,"LandisOutputs/Test10/taxubacc-MAX-1950.img",19463,NA
"916","taxubacc",1950,"LandisOutputs/Test9/taxubacc-MAX-1950.img",25485,NA
"917","taxubacc",2000,"LandisOutputs/Test10/taxubacc-MAX-2000.img",19768,NA
"918","taxubacc",2000,"LandisOutputs/Test9/taxubacc-MAX-2000.img",25939,NA
"919","taxubacc",2050,"LandisOutputs/Test10/taxubacc-MAX-2050.img",20080,NA
"920","taxubacc",2050,"LandisOutputs/Test9/taxubacc-MAX-2050.img",26358,NA
"921","taxubacc",2100,"LandisOutputs/Test10/taxubacc-MAX-2100.img",20382,NA
"922","taxubacc",2100,"LandisOutputs/Test9/taxubacc-MAX-2100.img",26756,NA
"923","taxubacc",2150,"LandisOutputs/Test10/taxubacc-MAX-2150.img",20696,NA
"924","taxubacc",2150,"LandisOutputs/Test9/taxubacc-MAX-2150.img",27194,NA
"925","taxubacc",2200,"LandisOutputs/Test10/taxubacc-MAX-2200.img",20988,NA
"926","taxubacc",2200,"LandisOutputs/Test9/taxubacc-MAX-2200.img",27626,NA
"927","taxubacc",2250,"LandisOutputs/Test10/taxubacc-MAX-2250.img",21283,NA
"928","taxubacc",2250,"LandisOutputs/Test9/taxubacc-MAX-2250.img",28052,NA
"929","taxubacc",2300,"LandisOutputs/Test10/taxubacc-MAX-2300.img",21564,NA
"930","taxubacc",2300,"LandisOutputs/Test9/taxubacc-MAX-2300.img",28493,NA
"931","taxubacc",2350,"LandisOutputs/Test10/taxubacc-MAX-2350.img",21847,NA
"932","taxubacc",2350,"LandisOutputs/Test9/taxubacc-MAX-2350.img",28910,NA
"933","taxubacc",2400,"LandisOutputs/Test10/taxubacc-MAX-2400.img",20936,NA
"934","taxubacc",2400,"LandisOutputs/Test9/taxubacc-MAX-2400.img",28390,NA
"935","taxubacc",2450,"LandisOutputs/Test10/taxubacc-MAX-2450.img",21655,NA
"936","taxubacc",2450,"LandisOutputs/Test9/taxubacc-MAX-2450.img",29247,NA
"937","taxubacc",2500,"LandisOutputs/Test10/taxubacc-MAX-2500.img",22304,NA
"938","taxubacc",2500,"LandisOutputs/Test9/taxubacc-MAX-2500.img",29947,NA
"939","taxubacc",2550,"LandisOutputs/Test10/taxubacc-MAX-2550.img",22706,NA
"940","taxubacc",2550,"LandisOutputs/Test9/taxubacc-MAX-2550.img",30426,NA
"941","taxubacc",2600,"LandisOutputs/Test10/taxubacc-MAX-2600.img",22991,NA
"942","taxubacc",2600,"LandisOutputs/Test9/taxubacc-MAX-2600.img",30918,NA
"943","taxubacc",2650,"LandisOutputs/Test10/taxubacc-MAX-2650.img",23211,NA
"944","taxubacc",2650,"LandisOutputs/Test9/taxubacc-MAX-2650.img",31308,NA
"945","taxubacc",2700,"LandisOutputs/Test10/taxubacc-MAX-2700.img",23493,NA
"946","taxubacc",2700,"LandisOutputs/Test9/taxubacc-MAX-2700.img",31800,NA
"947","taxubacc",2750,"LandisOutputs/Test10/taxubacc-MAX-2750.img",23725,NA
"948","taxubacc",2750,"LandisOutputs/Test9/taxubacc-MAX-2750.img",32231,NA
"949","taxubacc",2800,"LandisOutputs/Test10/taxubacc-MAX-2800.img",24001,NA
"950","taxubacc",2800,"LandisOutputs/Test9/taxubacc-MAX-2800.img",32569,NA
"951","taxubacc",2850,"LandisOutputs/Test10/taxubacc-MAX-2850.img",24231,NA
"952","taxubacc",2850,"LandisOutputs/Test9/taxubacc-MAX-2850.img",33066,NA
"953","taxubacc",2900,"LandisOutputs/Test10/taxubacc-MAX-2900.img",24453,NA
"954","taxubacc",2900,"LandisOutputs/Test9/taxubacc-MAX-2900.img",33432,NA
"955","taxubacc",2950,"LandisOutputs/Test10/taxubacc-MAX-2950.img",24688,NA
"956","taxubacc",2950,"LandisOutputs/Test9/taxubacc-MAX-2950.img",33832,NA
"957","taxubacc",3000,"LandisOutputs/Test10/taxubacc-MAX-3000.img",24922,NA
"958","taxubacc",3000,"LandisOutputs/Test9/taxubacc-MAX-3000.img",34242,NA
"959","tilicord",0,"LandisOutputs/Test10/tilicord-MAX-0.img",38685,NA
"960","tilicord",0,"LandisOutputs/Test9/tilicord-MAX-0.img",38685,NA
"961","tilicord",50,"LandisOutputs/Test10/tilicord-MAX-50.img",38705,NA
"962","tilicord",50,"LandisOutputs/Test9/tilicord-MAX-50.img",38696,NA
"963","tilicord",100,"LandisOutputs/Test10/tilicord-MAX-100.img",38887,NA
"964","tilicord",100,"LandisOutputs/Test9/tilicord-MAX-100.img",38855,NA
"965","tilicord",150,"LandisOutputs/Test10/tilicord-MAX-150.img",38967,NA
"966","tilicord",150,"LandisOutputs/Test9/tilicord-MAX-150.img",38906,NA
"967","tilicord",200,"LandisOutputs/Test10/tilicord-MAX-200.img",39237,NA
"968","tilicord",200,"LandisOutputs/Test9/tilicord-MAX-200.img",39056,NA
"969","tilicord",250,"LandisOutputs/Test10/tilicord-MAX-250.img",17310,NA
"970","tilicord",250,"LandisOutputs/Test9/tilicord-MAX-250.img",18224,NA
"971","tilicord",300,"LandisOutputs/Test10/tilicord-MAX-300.img",7057,NA
"972","tilicord",300,"LandisOutputs/Test9/tilicord-MAX-300.img",9110,NA
"973","tilicord",350,"LandisOutputs/Test10/tilicord-MAX-350.img",12205,NA
"974","tilicord",350,"LandisOutputs/Test9/tilicord-MAX-350.img",16217,NA
"975","tilicord",400,"LandisOutputs/Test10/tilicord-MAX-400.img",15854,NA
"976","tilicord",400,"LandisOutputs/Test9/tilicord-MAX-400.img",22328,NA
"977","tilicord",450,"LandisOutputs/Test10/tilicord-MAX-450.img",18138,NA
"978","tilicord",450,"LandisOutputs/Test9/tilicord-MAX-450.img",24573,NA
"979","tilicord",500,"LandisOutputs/Test10/tilicord-MAX-500.img",17923,NA
"980","tilicord",500,"LandisOutputs/Test9/tilicord-MAX-500.img",23979,NA
"981","tilicord",550,"LandisOutputs/Test10/tilicord-MAX-550.img",16120,NA
"982","tilicord",550,"LandisOutputs/Test9/tilicord-MAX-550.img",21367,NA
"983","tilicord",600,"LandisOutputs/Test10/tilicord-MAX-600.img",14819,NA
"984","tilicord",600,"LandisOutputs/Test9/tilicord-MAX-600.img",19341,NA
"985","tilicord",650,"LandisOutputs/Test10/tilicord-MAX-650.img",14222,NA
"986","tilicord",650,"LandisOutputs/Test9/tilicord-MAX-650.img",19623,NA
"987","tilicord",700,"LandisOutputs/Test10/tilicord-MAX-700.img",14043,NA
"988","tilicord",700,"LandisOutputs/Test9/tilicord-MAX-700.img",20895,NA
"989","tilicord",750,"LandisOutputs/Test10/tilicord-MAX-750.img",14195,NA
"990","tilicord",750,"LandisOutputs/Test9/tilicord-MAX-750.img",21534,NA
"991","tilicord",800,"LandisOutputs/Test10/tilicord-MAX-800.img",13919,NA
"992","tilicord",800,"LandisOutputs/Test9/tilicord-MAX-800.img",21404,NA
"993","tilicord",850,"LandisOutputs/Test10/tilicord-MAX-850.img",13065,NA
"994","tilicord",850,"LandisOutputs/Test9/tilicord-MAX-850.img",19839,NA
"995","tilicord",900,"LandisOutputs/Test10/tilicord-MAX-900.img",12412,NA
"996","tilicord",900,"LandisOutputs/Test9/tilicord-MAX-900.img",18508,NA
"997","tilicord",950,"LandisOutputs/Test10/tilicord-MAX-950.img",12079,NA
"998","tilicord",950,"LandisOutputs/Test9/tilicord-MAX-950.img",18440,NA
"999","tilicord",1000,"LandisOutputs/Test10/tilicord-MAX-1000.img",11868,NA
"1000","tilicord",1000,"LandisOutputs/Test9/tilicord-MAX-1000.img",18594,NA
"1001","tilicord",1050,"LandisOutputs/Test10/tilicord-MAX-1050.img",11722,NA
"1002","tilicord",1050,"LandisOutputs/Test9/tilicord-MAX-1050.img",18761,NA
"1003","tilicord",1100,"LandisOutputs/Test10/tilicord-MAX-1100.img",11392,NA
"1004","tilicord",1100,"LandisOutputs/Test9/tilicord-MAX-1100.img",18508,NA
"1005","tilicord",1150,"LandisOutputs/Test10/tilicord-MAX-1150.img",10966,NA
"1006","tilicord",1150,"LandisOutputs/Test9/tilicord-MAX-1150.img",17697,NA
"1007","tilicord",1200,"LandisOutputs/Test10/tilicord-MAX-1200.img",10795,NA
"1008","tilicord",1200,"LandisOutputs/Test9/tilicord-MAX-1200.img",17151,NA
"1009","tilicord",1250,"LandisOutputs/Test10/tilicord-MAX-1250.img",10598,NA
"1010","tilicord",1250,"LandisOutputs/Test9/tilicord-MAX-1250.img",17141,NA
"1011","tilicord",1300,"LandisOutputs/Test10/tilicord-MAX-1300.img",10348,NA
"1012","tilicord",1300,"LandisOutputs/Test9/tilicord-MAX-1300.img",17191,NA
"1013","tilicord",1350,"LandisOutputs/Test10/tilicord-MAX-1350.img",10184,NA
"1014","tilicord",1350,"LandisOutputs/Test9/tilicord-MAX-1350.img",17278,NA
"1015","tilicord",1400,"LandisOutputs/Test10/tilicord-MAX-1400.img",9993,NA
"1016","tilicord",1400,"LandisOutputs/Test9/tilicord-MAX-1400.img",16773,NA
"1017","tilicord",1450,"LandisOutputs/Test10/tilicord-MAX-1450.img",9725,NA
"1018","tilicord",1450,"LandisOutputs/Test9/tilicord-MAX-1450.img",16136,NA
"1019","tilicord",1500,"LandisOutputs/Test10/tilicord-MAX-1500.img",9441,NA
"1020","tilicord",1500,"LandisOutputs/Test9/tilicord-MAX-1500.img",15819,NA
"1021","tilicord",1550,"LandisOutputs/Test10/tilicord-MAX-1550.img",9326,NA
"1022","tilicord",1550,"LandisOutputs/Test9/tilicord-MAX-1550.img",15617,NA
"1023","tilicord",1600,"LandisOutputs/Test10/tilicord-MAX-1600.img",9071,NA
"1024","tilicord",1600,"LandisOutputs/Test9/tilicord-MAX-1600.img",15660,NA
"1025","tilicord",1650,"LandisOutputs/Test10/tilicord-MAX-1650.img",8925,NA
"1026","tilicord",1650,"LandisOutputs/Test9/tilicord-MAX-1650.img",15406,NA
"1027","tilicord",1700,"LandisOutputs/Test10/tilicord-MAX-1700.img",8690,NA
"1028","tilicord",1700,"LandisOutputs/Test9/tilicord-MAX-1700.img",15156,NA
"1029","tilicord",1750,"LandisOutputs/Test10/tilicord-MAX-1750.img",8622,NA
"1030","tilicord",1750,"LandisOutputs/Test9/tilicord-MAX-1750.img",14738,NA
"1031","tilicord",1800,"LandisOutputs/Test10/tilicord-MAX-1800.img",8500,NA
"1032","tilicord",1800,"LandisOutputs/Test9/tilicord-MAX-1800.img",14462,NA
"1033","tilicord",1850,"LandisOutputs/Test10/tilicord-MAX-1850.img",8351,NA
"1034","tilicord",1850,"LandisOutputs/Test9/tilicord-MAX-1850.img",14321,NA
"1035","tilicord",1900,"LandisOutputs/Test10/tilicord-MAX-1900.img",8226,NA
"1036","tilicord",1900,"LandisOutputs/Test9/tilicord-MAX-1900.img",14209,NA
"1037","tilicord",1950,"LandisOutputs/Test10/tilicord-MAX-1950.img",8108,NA
"1038","tilicord",1950,"LandisOutputs/Test9/tilicord-MAX-1950.img",13967,NA
"1039","tilicord",2000,"LandisOutputs/Test10/tilicord-MAX-2000.img",8066,NA
"1040","tilicord",2000,"LandisOutputs/Test9/tilicord-MAX-2000.img",13704,NA
"1041","tilicord",2050,"LandisOutputs/Test10/tilicord-MAX-2050.img",7898,NA
"1042","tilicord",2050,"LandisOutputs/Test9/tilicord-MAX-2050.img",13551,NA
"1043","tilicord",2100,"LandisOutputs/Test10/tilicord-MAX-2100.img",7785,NA
"1044","tilicord",2100,"LandisOutputs/Test9/tilicord-MAX-2100.img",13321,NA
"1045","tilicord",2150,"LandisOutputs/Test10/tilicord-MAX-2150.img",7586,NA
"1046","tilicord",2150,"LandisOutputs/Test9/tilicord-MAX-2150.img",13093,NA
"1047","tilicord",2200,"LandisOutputs/Test10/tilicord-MAX-2200.img",7488,NA
"1048","tilicord",2200,"LandisOutputs/Test9/tilicord-MAX-2200.img",12929,NA
"1049","tilicord",2250,"LandisOutputs/Test10/tilicord-MAX-2250.img",7325,NA
"1050","tilicord",2250,"LandisOutputs/Test9/tilicord-MAX-2250.img",12618,NA
"1051","tilicord",2300,"LandisOutputs/Test10/tilicord-MAX-2300.img",7178,NA
"1052","tilicord",2300,"LandisOutputs/Test9/tilicord-MAX-2300.img",12360,NA
"1053","tilicord",2350,"LandisOutputs/Test10/tilicord-MAX-2350.img",7141,NA
"1054","tilicord",2350,"LandisOutputs/Test9/tilicord-MAX-2350.img",12220,NA
"1055","tilicord",2400,"LandisOutputs/Test10/tilicord-MAX-2400.img",7135,NA
"1056","tilicord",2400,"LandisOutputs/Test9/tilicord-MAX-2400.img",12096,NA
"1057","tilicord",2450,"LandisOutputs/Test10/tilicord-MAX-2450.img",7080,NA
"1058","tilicord",2450,"LandisOutputs/Test9/tilicord-MAX-2450.img",11872,NA
"1059","tilicord",2500,"LandisOutputs/Test10/tilicord-MAX-2500.img",6944,NA
"1060","tilicord",2500,"LandisOutputs/Test9/tilicord-MAX-2500.img",11789,NA
"1061","tilicord",2550,"LandisOutputs/Test10/tilicord-MAX-2550.img",6846,NA
"1062","tilicord",2550,"LandisOutputs/Test9/tilicord-MAX-2550.img",11462,NA
"1063","tilicord",2600,"LandisOutputs/Test10/tilicord-MAX-2600.img",6759,NA
"1064","tilicord",2600,"LandisOutputs/Test9/tilicord-MAX-2600.img",11194,NA
"1065","tilicord",2650,"LandisOutputs/Test10/tilicord-MAX-2650.img",6693,NA
"1066","tilicord",2650,"LandisOutputs/Test9/tilicord-MAX-2650.img",10896,NA
"1067","tilicord",2700,"LandisOutputs/Test10/tilicord-MAX-2700.img",6536,NA
"1068","tilicord",2700,"LandisOutputs/Test9/tilicord-MAX-2700.img",10790,NA
"1069","tilicord",2750,"LandisOutputs/Test10/tilicord-MAX-2750.img",6476,NA
"1070","tilicord",2750,"LandisOutputs/Test9/tilicord-MAX-2750.img",10509,NA
"1071","tilicord",2800,"LandisOutputs/Test10/tilicord-MAX-2800.img",6443,NA
"1072","tilicord",2800,"LandisOutputs/Test9/tilicord-MAX-2800.img",10367,NA
"1073","tilicord",2850,"LandisOutputs/Test10/tilicord-MAX-2850.img",6290,NA
"1074","tilicord",2850,"LandisOutputs/Test9/tilicord-MAX-2850.img",10146,NA
"1075","tilicord",2900,"LandisOutputs/Test10/tilicord-MAX-2900.img",6242,NA
"1076","tilicord",2900,"LandisOutputs/Test9/tilicord-MAX-2900.img",9990,NA
"1077","tilicord",2950,"LandisOutputs/Test10/tilicord-MAX-2950.img",6177,NA
"1078","tilicord",2950,"LandisOutputs/Test9/tilicord-MAX-2950.img",9768,NA
"1079","tilicord",3000,"LandisOutputs/Test10/tilicord-MAX-3000.img",6069,NA
"1080","tilicord",3000,"LandisOutputs/Test9/tilicord-MAX-3000.img",9590,NA
"1081","ulmusppp",0,"LandisOutputs/Test10/ulmusppp-MAX-0.img",5523,NA
"1082","ulmusppp",0,"LandisOutputs/Test9/ulmusppp-MAX-0.img",5523,NA
"1083","ulmusppp",50,"LandisOutputs/Test10/ulmusppp-MAX-50.img",5526,NA
"1084","ulmusppp",50,"LandisOutputs/Test9/ulmusppp-MAX-50.img",5523,NA
"1085","ulmusppp",100,"LandisOutputs/Test10/ulmusppp-MAX-100.img",5531,NA
"1086","ulmusppp",100,"LandisOutputs/Test9/ulmusppp-MAX-100.img",5526,NA
"1087","ulmusppp",150,"LandisOutputs/Test10/ulmusppp-MAX-150.img",5531,NA
"1088","ulmusppp",150,"LandisOutputs/Test9/ulmusppp-MAX-150.img",5527,NA
"1089","ulmusppp",200,"LandisOutputs/Test10/ulmusppp-MAX-200.img",5542,NA
"1090","ulmusppp",200,"LandisOutputs/Test9/ulmusppp-MAX-200.img",5528,NA
"1091","ulmusppp",250,"LandisOutputs/Test10/ulmusppp-MAX-250.img",2084,NA
"1092","ulmusppp",250,"LandisOutputs/Test9/ulmusppp-MAX-250.img",2009,NA
"1093","ulmusppp",300,"LandisOutputs/Test10/ulmusppp-MAX-300.img",138,NA
"1094","ulmusppp",300,"LandisOutputs/Test9/ulmusppp-MAX-300.img",30,NA
"1095","ulmusppp",350,"LandisOutputs/Test10/ulmusppp-MAX-350.img",187,NA
"1096","ulmusppp",350,"LandisOutputs/Test9/ulmusppp-MAX-350.img",32,NA
"1097","ulmusppp",400,"LandisOutputs/Test10/ulmusppp-MAX-400.img",218,NA
"1098","ulmusppp",400,"LandisOutputs/Test9/ulmusppp-MAX-400.img",31,NA
"1099","ulmusppp",450,"LandisOutputs/Test10/ulmusppp-MAX-450.img",242,NA
"1100","ulmusppp",450,"LandisOutputs/Test9/ulmusppp-MAX-450.img",32,NA
"1101","ulmusppp",500,"LandisOutputs/Test10/ulmusppp-MAX-500.img",237,NA
"1102","ulmusppp",500,"LandisOutputs/Test9/ulmusppp-MAX-500.img",16,NA
"1103","ulmusppp",550,"LandisOutputs/Test10/ulmusppp-MAX-550.img",264,NA
"1104","ulmusppp",550,"LandisOutputs/Test9/ulmusppp-MAX-550.img",10,NA
"1105","ulmusppp",600,"LandisOutputs/Test10/ulmusppp-MAX-600.img",281,NA
"1106","ulmusppp",600,"LandisOutputs/Test9/ulmusppp-MAX-600.img",5,NA
"1107","ulmusppp",650,"LandisOutputs/Test10/ulmusppp-MAX-650.img",283,NA
"1108","ulmusppp",650,"LandisOutputs/Test9/ulmusppp-MAX-650.img",4,NA
"1109","ulmusppp",700,"LandisOutputs/Test10/ulmusppp-MAX-700.img",282,NA
"1110","ulmusppp",700,"LandisOutputs/Test9/ulmusppp-MAX-700.img",1,NA
"1111","ulmusppp",750,"LandisOutputs/Test10/ulmusppp-MAX-750.img",290,NA
"1112","ulmusppp",750,"LandisOutputs/Test9/ulmusppp-MAX-750.img",1,NA
"1113","ulmusppp",800,"LandisOutputs/Test10/ulmusppp-MAX-800.img",282,NA
"1114","ulmusppp",850,"LandisOutputs/Test10/ulmusppp-MAX-850.img",329,NA
"1115","ulmusppp",900,"LandisOutputs/Test10/ulmusppp-MAX-900.img",367,NA
"1116","ulmusppp",950,"LandisOutputs/Test10/ulmusppp-MAX-950.img",389,NA
"1117","ulmusppp",1000,"LandisOutputs/Test10/ulmusppp-MAX-1000.img",407,NA
"1118","ulmusppp",1050,"LandisOutputs/Test10/ulmusppp-MAX-1050.img",423,NA
"1119","ulmusppp",1100,"LandisOutputs/Test10/ulmusppp-MAX-1100.img",425,NA
"1120","ulmusppp",1150,"LandisOutputs/Test10/ulmusppp-MAX-1150.img",441,NA
"1121","ulmusppp",1200,"LandisOutputs/Test10/ulmusppp-MAX-1200.img",482,NA
"1122","ulmusppp",1250,"LandisOutputs/Test10/ulmusppp-MAX-1250.img",501,NA
"1123","ulmusppp",1300,"LandisOutputs/Test10/ulmusppp-MAX-1300.img",528,NA
"1124","ulmusppp",1350,"LandisOutputs/Test10/ulmusppp-MAX-1350.img",531,NA
"1125","ulmusppp",1400,"LandisOutputs/Test10/ulmusppp-MAX-1400.img",571,NA
"1126","ulmusppp",1450,"LandisOutputs/Test10/ulmusppp-MAX-1450.img",620,NA
"1127","ulmusppp",1500,"LandisOutputs/Test10/ulmusppp-MAX-1500.img",637,NA
"1128","ulmusppp",1550,"LandisOutputs/Test10/ulmusppp-MAX-1550.img",624,NA
"1129","ulmusppp",1600,"LandisOutputs/Test10/ulmusppp-MAX-1600.img",644,NA
"1130","ulmusppp",1650,"LandisOutputs/Test10/ulmusppp-MAX-1650.img",681,NA
"1131","ulmusppp",1700,"LandisOutputs/Test10/ulmusppp-MAX-1700.img",701,NA
"1132","ulmusppp",1750,"LandisOutputs/Test10/ulmusppp-MAX-1750.img",740,NA
"1133","ulmusppp",1800,"LandisOutputs/Test10/ulmusppp-MAX-1800.img",765,NA
"1134","ulmusppp",1850,"LandisOutputs/Test10/ulmusppp-MAX-1850.img",746,NA
"1135","ulmusppp",1900,"LandisOutputs/Test10/ulmusppp-MAX-1900.img",763,NA
"1136","ulmusppp",1950,"LandisOutputs/Test10/ulmusppp-MAX-1950.img",798,NA
"1137","ulmusppp",2000,"LandisOutputs/Test10/ulmusppp-MAX-2000.img",807,NA
"1138","ulmusppp",2050,"LandisOutputs/Test10/ulmusppp-MAX-2050.img",857,NA
"1139","ulmusppp",2100,"LandisOutputs/Test10/ulmusppp-MAX-2100.img",892,NA
"1140","ulmusppp",2150,"LandisOutputs/Test10/ulmusppp-MAX-2150.img",899,NA
"1141","ulmusppp",2200,"LandisOutputs/Test10/ulmusppp-MAX-2200.img",914,NA
"1142","ulmusppp",2250,"LandisOutputs/Test10/ulmusppp-MAX-2250.img",959,NA
"1143","ulmusppp",2300,"LandisOutputs/Test10/ulmusppp-MAX-2300.img",1006,NA
"1144","ulmusppp",2350,"LandisOutputs/Test10/ulmusppp-MAX-2350.img",1031,NA
"1145","ulmusppp",2400,"LandisOutputs/Test10/ulmusppp-MAX-2400.img",1073,NA
"1146","ulmusppp",2450,"LandisOutputs/Test10/ulmusppp-MAX-2450.img",1132,NA
"1147","ulmusppp",2500,"LandisOutputs/Test10/ulmusppp-MAX-2500.img",1196,NA
"1148","ulmusppp",2550,"LandisOutputs/Test10/ulmusppp-MAX-2550.img",1250,NA
"1149","ulmusppp",2600,"LandisOutputs/Test10/ulmusppp-MAX-2600.img",1286,NA
"1150","ulmusppp",2650,"LandisOutputs/Test10/ulmusppp-MAX-2650.img",1249,NA
"1151","ulmusppp",2700,"LandisOutputs/Test10/ulmusppp-MAX-2700.img",1250,NA
"1152","ulmusppp",2750,"LandisOutputs/Test10/ulmusppp-MAX-2750.img",1229,NA
"1153","ulmusppp",2800,"LandisOutputs/Test10/ulmusppp-MAX-2800.img",1279,NA
"1154","ulmusppp",2850,"LandisOutputs/Test10/ulmusppp-MAX-2850.img",1323,NA
"1155","ulmusppp",2900,"LandisOutputs/Test10/ulmusppp-MAX-2900.img",1362,NA
"1156","ulmusppp",2950,"LandisOutputs/Test10/ulmusppp-MAX-2950.img",1367,NA
"1157","ulmusppp",3000,"LandisOutputs/Test10/ulmusppp-MAX-3000.img",1408,NA
"1158","vibuopul",0,"LandisOutputs/Test10/vibuopul-MAX-0.img",41233,NA
"1159","vibuopul",0,"LandisOutputs/Test9/vibuopul-MAX-0.img",41233,NA
"1160","vibuopul",50,"LandisOutputs/Test10/vibuopul-MAX-50.img",8217,NA
"1161","vibuopul",50,"LandisOutputs/Test9/vibuopul-MAX-50.img",7506,NA
